Time,Voltage(V),Current(A),Power(W),Energy(J),Batt(%)
0.17,12.0,0.67,8.01,0.06,100.0
0.18,12.0,0.67,8.01,0.13,100.0
0.19,12.0,0.67,8.01,0.19,100.0
0.20,12.0,0.67,8.01,0.26,100.0
0.21,12.0,0.67,8.01,0.32,100.0
0.22,12.0,0.67,8.01,0.38,100.0
0.22,12.0,0.67,8.01,0.45,100.0
0.23,12.0,0.67,8.01,0.51,100.0
0.24,12.0,0.67,8.01,0.58,100.0
0.25,12.0,0.67,8.01,0.64,100.0
0.27,12.0,0.67,8.01,0.70,100.0
0.28,12.0,0.67,8.01,0.77,100.0
0.28,12.0,2.00,24.02,0.96,100.0
0.31,12.0,2.28,27.36,1.18,100.0
0.32,12.0,2.60,31.21,1.43,100.0
0.32,12.0,2.91,34.96,1.71,100.0
0.33,12.0,3.19,38.33,2.02,100.0
0.34,12.0,3.45,41.37,2.35,100.0
0.34,12.0,3.67,44.10,2.70,100.0
0.35,12.0,3.88,46.56,3.07,100.0
0.35,12.0,4.06,48.77,3.46,100.0
0.36,12.0,4.23,50.76,3.87,100.0
0.37,12.0,4.38,52.56,4.29,100.0
0.37,12.0,4.51,54.17,4.72,100.0
0.38,12.0,4.64,55.62,5.17,100.0
0.38,12.0,4.74,56.93,5.62,100.0
0.39,12.0,4.84,58.11,6.09,100.0
0.39,12.0,4.93,59.16,6.56,100.0
0.40,12.0,5.01,60.12,7.04,100.0
0.40,12.0,5.08,60.97,7.53,100.0
0.42,12.0,5.15,61.75,8.02,100.0
0.42,12.0,5.20,62.40,8.52,100.0
0.43,12.0,5.25,63.00,9.03,100.0
0.43,12.0,5.29,63.53,9.53,100.0
0.44,12.0,5.33,64.01,10.05,100.0
0.45,12.0,5.37,64.44,10.56,100.0
0.45,12.0,5.40,64.83,11.08,100.0
0.46,12.0,5.43,65.18,11.60,100.0
0.47,12.0,5.46,65.50,12.13,100.0
0.48,12.0,5.48,65.78,12.65,100.0
0.49,12.0,5.50,66.03,13.18,100.0
0.49,12.0,5.52,66.26,13.71,100.0
0.50,12.0,5.54,66.47,14.24,100.0
0.51,12.0,5.55,66.66,14.78,100.0
0.52,12.0,5.57,66.82,15.31,100.0
0.53,12.0,5.58,66.97,15.85,100.0
0.54,12.0,5.59,67.11,16.38,100.0
0.55,12.0,5.60,67.23,16.92,100.0
0.56,12.0,5.61,67.34,17.46,100.0
0.57,12.0,5.62,67.44,18.00,100.0
0.58,12.0,5.63,67.53,18.54,100.0
0.59,12.0,5.63,67.61,19.08,100.0
0.60,12.0,5.64,67.68,19.62,100.0
0.61,12.0,5.65,67.75,20.16,100.0
0.62,12.0,5.65,67.80,20.71,100.0
0.63,12.0,5.65,67.86,21.25,100.0
0.64,12.0,5.66,67.90,21.79,100.0
0.65,12.0,5.66,67.95,22.34,100.0
0.66,12.0,5.67,67.98,22.88,100.0
0.66,12.0,5.67,68.02,23.42,100.0
0.67,12.0,5.67,68.05,23.97,100.0
0.68,12.0,5.67,68.08,24.51,100.0
0.69,12.0,5.68,68.10,25.06,100.0
0.70,12.0,5.68,68.13,25.60,100.0
0.70,12.0,5.68,68.15,26.15,100.0
0.71,12.0,5.68,68.16,26.69,100.0
0.72,12.0,5.68,68.18,27.24,100.0
0.72,12.0,5.68,68.20,27.78,100.0
0.73,12.0,5.68,68.21,28.33,100.0
0.74,12.0,5.69,68.22,28.88,100.0
0.74,12.0,5.69,68.23,29.42,100.0
0.75,12.0,5.69,68.24,29.97,100.0
0.76,12.0,5.69,68.25,30.51,100.0
0.77,12.0,5.69,68.26,31.06,100.0
0.78,12.0,5.69,68.27,31.61,100.0
0.78,12.0,5.69,68.27,32.15,100.0
0.79,12.0,5.69,68.28,32.70,100.0
0.80,12.0,5.69,68.28,33.24,100.0
0.81,12.0,5.69,68.29,33.79,100.0
0.82,12.0,5.69,68.29,34.34,100.0
0.83,12.0,5.69,68.30,34.88,100.0
0.84,12.0,5.69,68.30,35.43,100.0
0.85,12.0,5.69,68.30,35.98,100.0
0.86,12.0,5.69,68.30,36.52,100.0
0.87,12.0,5.69,68.31,37.07,100.0
0.88,12.0,5.69,68.31,37.62,100.0
0.89,12.0,5.69,68.31,38.16,100.0
0.90,12.0,5.69,68.31,38.71,100.0
0.91,12.0,5.69,68.31,39.26,100.0
0.92,12.0,5.69,68.32,39.80,100.0
0.93,12.0,5.69,68.32,40.35,100.0
0.94,12.0,5.69,68.32,40.89,100.0
0.95,12.0,5.69,68.32,41.44,100.0
0.95,12.0,5.69,68.32,41.99,100.0
0.96,12.0,5.69,68.28,42.53,100.0
0.97,12.0,5.69,68.25,43.08,100.0
0.98,12.0,5.68,68.19,43.63,100.0
0.98,12.0,5.68,68.13,44.17,100.0
0.99,12.0,5.67,68.08,44.72,100.0
1.00,12.0,5.67,68.03,45.26,100.0
1.00,12.0,5.67,67.99,45.80,100.0
1.01,12.0,5.66,67.95,46.35,100.0
1.02,12.0,5.66,67.91,46.89,100.0
1.02,12.0,5.66,67.88,47.43,100.0
1.03,12.0,5.65,67.82,47.98,100.0
1.04,12.0,5.65,67.76,48.52,100.0
1.05,12.0,5.64,67.71,49.06,100.0
1.06,12.0,5.64,67.66,49.60,100.0
1.07,12.0,5.63,67.62,50.14,100.0
1.08,12.0,5.63,67.58,50.68,100.0
1.08,12.0,5.63,67.55,51.22,100.0
1.09,12.0,5.63,67.52,51.76,100.0
1.10,12.0,5.62,67.49,52.30,100.0
1.11,12.0,5.62,67.46,52.84,100.0
1.12,12.0,5.62,67.44,53.38,100.0
1.13,12.0,5.62,67.42,53.92,100.0
1.14,12.0,5.61,67.37,54.46,100.0
1.16,12.0,5.61,67.32,55.00,100.0
1.16,12.0,5.60,67.24,55.54,100.0
1.17,12.0,5.59,67.13,56.07,100.0
1.18,12.0,5.58,66.99,56.61,100.0
1.19,12.0,5.57,66.87,57.15,100.0
1.20,12.0,5.56,66.73,57.68,100.0
1.21,12.0,5.54,66.53,58.21,100.0
1.22,12.0,5.53,66.34,58.74,100.0
1.23,12.0,5.51,66.14,59.27,100.0
1.23,12.0,5.49,65.93,59.80,100.0
1.24,12.0,5.48,65.73,60.32,100.0
1.25,12.0,5.46,65.55,60.85,100.0
1.26,12.0,5.45,65.40,61.37,100.0
1.26,12.0,5.44,65.25,61.89,100.0
1.27,12.0,5.43,65.13,62.41,100.0
1.28,12.0,5.42,65.01,62.94,100.0
1.28,12.0,5.41,64.87,63.45,100.0
1.29,12.0,5.40,64.74,63.97,100.0
1.30,12.0,5.38,64.59,64.49,100.0
1.31,12.0,5.37,64.39,65.00,100.0
1.31,12.0,5.32,63.87,65.51,100.0
1.32,12.0,5.23,62.76,66.02,100.0
1.33,12.0,5.11,61.28,66.51,100.0
1.34,12.0,4.98,59.70,66.98,100.0
1.35,12.0,4.84,58.10,67.45,100.0
1.36,12.0,4.72,56.61,67.90,100.0
1.36,12.0,4.61,55.28,68.34,100.0
1.37,12.0,4.51,54.08,68.78,100.0
1.38,12.0,4.42,53.00,69.20,100.0
1.39,12.0,4.33,51.96,69.62,100.0
1.40,12.0,4.22,50.69,70.02,100.0
1.41,12.0,4.10,49.19,70.42,100.0
1.42,12.0,3.92,47.04,70.79,100.0
1.43,12.0,0.67,8.01,70.86,100.0
1.44,12.0,0.67,8.01,70.92,100.0
1.45,12.0,0.67,8.01,70.98,100.0
1.46,12.0,0.67,8.01,71.05,100.0
1.47,12.0,0.67,8.01,71.11,100.0
1.48,12.0,0.67,8.01,71.18,100.0
1.49,12.0,0.67,8.01,71.24,100.0
1.50,12.0,0.67,8.01,71.30,100.0
1.50,12.0,0.67,8.01,71.37,100.0
1.51,12.0,0.67,8.01,71.43,100.0
1.52,12.0,0.67,8.01,71.50,100.0
1.53,12.0,0.67,8.01,71.56,100.0
1.54,12.0,0.67,8.01,71.63,100.0
1.54,12.0,0.67,8.01,71.69,100.0
1.55,12.0,0.67,8.01,71.75,100.0
1.56,12.0,0.67,8.01,71.82,100.0
1.56,12.0,0.67,8.01,71.88,100.0
1.57,12.0,0.67,8.01,71.95,100.0
1.58,12.0,0.67,8.01,72.01,100.0
1.58,12.0,0.67,8.01,72.07,100.0
1.59,12.0,1.35,16.15,72.20,100.0
1.60,12.0,1.47,17.69,72.34,100.0
1.61,12.0,2.29,27.49,72.56,100.0
1.62,12.0,2.53,30.38,72.81,100.0
1.63,12.0,2.12,25.39,73.01,100.0
1.64,12.0,2.31,27.75,73.23,100.0
1.65,12.0,2.49,29.87,73.47,100.0
1.66,12.0,2.65,31.80,73.73,100.0
1.66,12.0,2.79,33.53,73.99,100.0
1.67,12.0,2.92,35.08,74.27,100.0
1.69,12.0,3.04,36.48,74.57,100.0
1.70,12.0,3.14,37.73,74.87,100.0
1.71,12.0,3.24,38.87,75.18,100.0
1.72,12.0,3.33,39.90,75.50,100.0
1.73,12.0,3.40,40.83,75.83,100.0
1.74,12.0,3.47,41.66,76.16,100.0
1.74,12.0,3.53,42.41,76.50,100.0
1.75,12.0,3.59,43.08,76.84,100.0
1.76,12.0,3.64,43.69,77.19,100.0
1.77,12.0,3.68,44.22,77.55,100.0
1.78,12.0,3.73,44.71,77.90,100.0
1.79,12.0,3.76,45.14,78.26,100.0
1.79,12.0,4.43,53.16,78.69,100.0
1.80,12.0,4.47,53.70,79.12,100.0
1.81,12.0,4.51,54.18,79.55,100.0
1.81,12.0,4.55,54.65,79.99,100.0
1.82,12.0,4.59,55.07,80.43,100.0
1.83,12.0,4.62,55.46,80.87,100.0
1.83,12.0,4.65,55.84,81.32,100.0
1.84,12.0,4.68,56.18,81.77,100.0
1.85,12.0,4.71,56.49,82.22,100.0
1.86,12.0,4.73,56.80,82.68,100.0
1.87,12.0,4.76,57.08,83.13,100.0
1.87,12.0,4.78,57.37,83.59,100.0
1.88,12.0,4.80,57.63,84.05,100.0
1.89,12.0,4.83,57.90,84.52,100.0
1.90,12.0,4.85,58.15,84.98,100.0
1.91,12.0,4.86,58.37,85.45,100.0
1.92,12.0,4.88,58.60,85.92,100.0
1.93,12.0,4.90,58.81,86.39,100.0
1.94,12.0,4.92,59.04,86.86,100.0
1.95,12.0,4.94,59.28,87.33,100.0
1.96,12.0,4.96,59.56,87.81,100.0
1.97,12.0,4.99,59.82,88.29,100.0
1.98,12.0,5.01,60.09,88.77,100.0
1.99,12.0,5.03,60.34,89.25,100.0
2.00,12.0,5.05,60.59,89.74,100.0
2.01,12.0,5.07,60.86,90.22,100.0
2.02,12.0,5.09,61.13,90.71,100.0
2.03,12.0,5.12,61.49,91.21,100.0
2.04,12.0,5.15,61.81,91.70,100.0
2.05,12.0,5.18,62.17,92.20,100.0
2.05,12.0,5.21,62.53,92.70,100.0
2.06,12.0,5.24,62.86,93.20,100.0
2.07,12.0,5.27,63.19,93.71,100.0
2.08,12.0,5.29,63.52,94.21,100.0
2.08,12.0,5.32,63.82,94.72,100.0
2.09,12.0,5.34,64.13,95.24,100.0
2.10,12.0,5.37,64.40,95.75,100.0
2.10,12.0,5.39,64.68,96.27,100.0
2.11,12.0,5.41,64.94,96.79,100.0
2.12,12.0,5.43,65.17,97.31,100.0
2.12,12.0,5.45,65.41,97.83,100.0
2.13,12.0,5.47,65.63,98.36,100.0
2.14,12.0,5.49,65.83,98.89,100.0
2.15,12.0,5.50,66.01,99.41,100.0
2.16,12.0,5.52,66.20,99.94,100.0
2.17,12.0,5.53,66.38,100.47,100.0
2.17,12.0,5.55,66.57,101.01,100.0
2.18,12.0,5.56,66.75,101.54,100.0
2.19,12.0,5.58,66.94,102.08,100.0
2.20,12.0,5.59,67.12,102.61,100.0
2.21,12.0,5.61,67.28,103.15,100.0
2.22,12.0,5.62,67.42,103.69,100.0
2.23,12.0,5.63,67.54,104.23,100.0
2.25,12.0,5.64,67.66,104.77,100.0
2.25,12.0,5.65,67.76,105.32,100.0
2.26,12.0,5.65,67.86,105.86,100.0
2.27,12.0,5.66,67.94,106.40,100.0
2.28,12.0,5.67,68.01,106.95,100.0
2.29,12.0,5.67,68.08,107.49,100.0
2.30,12.0,5.68,68.14,108.04,99.9
2.31,12.0,5.68,68.20,108.58,99.9
2.32,12.0,5.69,68.25,109.13,99.9
2.33,12.0,5.69,68.29,109.67,99.9
2.33,12.0,5.69,68.33,110.22,99.9
2.34,12.0,5.70,68.37,110.77,99.9
2.35,12.0,5.70,68.40,111.31,99.9
2.36,12.0,5.70,68.43,111.86,99.9
2.36,12.0,5.70,68.46,112.41,99.9
2.37,12.0,5.71,68.48,112.96,99.9
2.38,12.0,5.71,68.50,113.51,99.9
2.38,12.0,5.71,68.52,114.05,99.9
2.39,12.0,5.71,68.54,114.60,99.9
2.40,12.0,5.71,68.55,115.15,99.9
2.41,12.0,5.71,68.57,115.70,99.9
2.41,12.0,5.71,68.58,116.25,99.9
2.42,12.0,5.72,68.59,116.80,99.9
2.43,12.0,5.72,68.60,117.34,99.9
2.44,12.0,5.72,68.61,117.89,99.9
2.45,12.0,5.72,68.62,118.44,99.9
2.46,12.0,5.72,68.63,118.99,99.9
2.47,12.0,5.72,68.63,119.54,99.9
2.48,12.0,5.72,68.64,120.09,99.9
2.49,12.0,5.72,68.64,120.64,99.9
2.50,12.0,5.72,68.65,121.19,99.9
2.51,12.0,5.72,68.65,121.74,99.9
2.52,12.0,5.72,68.66,122.29,99.9
2.53,12.0,5.72,68.66,122.84,99.9
2.54,12.0,5.72,68.66,123.39,99.9
2.55,12.0,5.72,68.67,123.93,99.9
2.55,12.0,5.72,68.67,124.48,99.9
2.56,12.0,5.72,68.67,125.03,99.9
2.57,12.0,5.72,68.64,125.58,99.9
2.58,12.0,5.72,68.61,126.13,99.9
2.59,12.0,5.71,68.58,126.68,99.9
2.59,12.0,5.71,68.52,127.23,99.9
2.60,12.0,5.71,68.46,127.78,99.9
2.61,12.0,5.70,68.41,128.32,99.9
2.62,12.0,5.70,68.37,128.87,99.9
2.62,12.0,5.69,68.29,129.42,99.9
2.63,12.0,5.68,68.19,129.96,99.9
2.64,12.0,5.67,68.09,130.51,99.9
2.64,12.0,5.66,67.97,131.05,99.9
2.65,12.0,5.65,67.79,131.59,99.9
2.66,12.0,5.63,67.59,132.13,99.9
2.67,12.0,5.62,67.41,132.67,99.9
2.67,12.0,5.60,67.17,133.21,99.9
2.68,12.0,5.58,66.96,133.75,99.9
2.69,12.0,5.56,66.74,134.28,99.9
2.70,12.0,5.54,66.53,134.81,99.9
2.71,12.0,5.53,66.31,135.34,99.9
2.72,12.0,5.51,66.11,135.87,99.9
2.73,12.0,5.49,65.94,136.40,99.9
2.74,12.0,5.48,65.78,136.92,99.9
2.75,12.0,5.47,65.63,137.45,99.9
2.76,12.0,5.46,65.50,137.97,99.9
2.77,12.0,5.45,65.39,138.50,99.9
2.78,12.0,5.44,65.28,139.02,99.9
2.79,12.0,5.43,65.19,139.54,99.9
2.80,12.0,5.43,65.10,140.06,99.9
2.81,12.0,5.42,65.03,140.58,99.9
2.82,12.0,5.41,64.96,141.10,99.9
2.83,12.0,5.41,64.89,141.62,99.9
2.84,12.0,5.40,64.80,142.14,99.9
2.84,12.0,5.39,64.68,142.66,99.9
2.85,12.0,5.37,64.47,143.17,99.9
2.86,12.0,5.32,63.87,143.68,99.9
2.87,12.0,5.20,62.43,144.18,99.9
2.87,12.0,4.94,59.25,144.66,99.9
2.88,12.0,0.67,8.01,144.72,99.9
2.89,12.0,0.67,8.01,144.78,99.9
2.89,12.0,0.67,8.01,144.85,99.9
2.90,12.0,0.67,8.01,144.91,99.9
2.90,12.0,0.67,8.01,144.98,99.9
2.91,12.0,0.67,8.01,145.04,99.9
2.92,12.0,0.67,8.01,145.11,99.9
2.93,12.0,0.67,8.01,145.17,99.9
2.94,12.0,0.67,8.01,145.23,99.9
2.95,12.0,0.67,8.01,145.30,99.9
2.95,12.0,0.67,8.01,145.36,99.9
2.96,12.0,0.67,8.01,145.43,99.9
2.97,12.0,0.67,8.01,145.49,99.9
2.98,12.0,0.67,8.01,145.55,99.9
2.99,12.0,0.67,8.01,145.62,99.9
3.00,12.0,0.67,8.01,145.68,99.9
3.01,12.0,0.67,8.01,145.75,99.9
3.02,12.0,0.67,8.01,145.81,99.9
3.03,12.0,0.67,8.01,145.87,99.9
3.04,12.0,0.67,8.01,145.94,99.9
3.05,12.0,0.67,8.01,146.00,99.9
3.06,12.0,0.67,8.01,146.07,99.9
3.07,12.0,0.67,8.01,146.13,99.9
3.08,12.0,0.67,8.01,146.19,99.9
3.09,12.0,2.09,25.13,146.40,99.9
3.10,12.0,2.30,27.58,146.62,99.9
3.11,12.0,2.48,29.79,146.85,99.9
3.12,12.0,2.65,31.77,147.11,99.9
3.12,12.0,2.80,33.56,147.38,99.9
3.13,12.0,2.93,35.17,147.66,99.9
3.14,12.0,3.05,36.62,147.95,99.9
3.15,12.0,3.16,37.92,148.25,99.9
3.15,12.0,3.26,39.09,148.57,99.9
3.16,12.0,3.35,40.14,148.89,99.9
3.17,12.0,3.42,41.09,149.22,99.9
3.17,12.0,3.50,41.95,149.55,99.9
3.18,12.0,3.56,42.72,149.89,99.9
3.19,12.0,3.62,43.41,150.24,99.9
3.19,12.0,3.67,44.03,150.59,99.9
3.20,12.0,3.72,44.59,150.95,99.9
3.21,12.0,3.76,45.10,151.31,99.9
3.22,12.0,3.80,45.55,151.68,99.9
3.23,12.0,3.83,45.96,152.04,99.9
3.24,12.0,3.86,46.33,152.41,99.9
3.24,12.0,3.89,46.66,152.79,99.9
3.25,12.0,3.91,46.96,153.16,99.9
3.27,12.0,3.94,47.23,153.54,99.9
3.27,12.0,3.96,47.47,153.92,99.9
3.28,12.0,3.97,47.68,154.30,99.9
3.29,12.0,3.99,47.88,154.69,99.9
3.31,12.0,4.00,48.06,155.07,99.9
3.32,12.0,4.02,48.21,155.46,99.9
3.33,12.0,4.03,48.36,155.84,99.9
3.34,12.0,4.04,48.48,156.23,99.9
3.35,12.0,4.05,48.60,156.62,99.9
3.36,12.0,4.06,48.70,157.01,99.9
3.37,12.0,4.07,48.80,157.40,99.9
3.38,12.0,4.07,48.88,157.79,99.9
3.38,12.0,4.08,48.96,158.18,99.9
3.39,12.0,4.09,49.03,158.57,99.9
3.40,12.0,4.09,49.09,158.97,99.9
3.41,12.0,4.10,49.14,159.36,99.9
3.42,12.0,4.10,49.19,159.75,99.9
3.42,12.0,4.10,49.24,160.15,99.9
3.43,12.0,4.11,49.28,160.54,99.9
3.44,12.0,4.11,49.31,160.94,99.9
3.44,12.0,4.11,49.35,161.33,99.9
3.45,12.0,4.11,49.38,161.73,99.9
3.46,12.0,4.12,49.40,162.12,99.9
3.46,12.0,4.12,49.43,162.52,99.9
3.47,12.0,4.12,49.45,162.91,99.9
3.48,12.0,4.12,49.47,163.31,99.9
3.49,12.0,4.12,49.48,163.70,99.9
3.49,12.0,4.12,49.50,164.10,99.9
3.50,12.0,4.13,49.51,164.50,99.9
3.51,12.0,4.13,49.53,164.89,99.9
3.52,12.0,4.13,49.54,165.29,99.9
3.53,12.0,4.13,49.55,165.68,99.9
3.53,12.0,4.13,49.56,166.08,99.9
3.54,12.0,4.13,49.56,166.48,99.9
3.55,12.0,4.13,49.57,166.87,99.9
3.56,12.0,4.13,49.58,167.27,99.9
3.57,12.0,4.13,49.58,167.67,99.9
3.58,12.0,4.13,49.59,168.06,99.9
3.59,12.0,4.13,49.60,168.46,99.9
3.61,12.0,4.13,49.60,168.86,99.9
3.62,12.0,4.13,49.60,169.25,99.9
3.63,12.0,4.13,49.61,169.65,99.9
3.63,12.0,4.13,49.61,170.05,99.9
3.64,12.0,4.13,49.61,170.45,99.9
3.65,12.0,4.13,49.62,170.84,99.9
3.66,12.0,4.13,49.62,171.24,99.9
3.67,12.0,4.14,49.62,171.64,99.9
3.68,12.0,4.14,49.62,172.03,99.9
3.69,12.0,4.14,49.62,172.43,99.9
3.69,12.0,4.14,49.63,172.83,99.9
3.70,12.0,4.14,49.63,173.22,99.9
3.71,12.0,4.14,49.63,173.62,99.9
3.72,12.0,4.14,49.63,174.02,99.9
3.72,12.0,4.14,49.63,174.42,99.9
3.73,12.0,4.14,49.63,174.81,99.9
3.74,12.0,4.14,49.63,175.21,99.9
3.74,12.0,4.14,49.63,175.61,99.9
3.75,12.0,4.14,49.63,176.00,99.9
3.76,12.0,4.14,49.63,176.40,99.9
3.77,12.0,4.14,49.63,176.80,99.9
3.77,12.0,4.14,49.63,177.19,99.9
3.78,12.0,4.14,49.64,177.59,99.9
3.79,12.0,4.14,49.64,177.99,99.9
3.80,12.0,4.14,49.64,178.39,99.9
3.81,12.0,4.14,49.64,178.78,99.9
3.82,12.0,4.14,49.64,179.18,99.9
3.83,12.0,4.14,49.64,179.58,99.9
3.84,12.0,4.14,49.64,179.97,99.9
3.85,12.0,4.14,49.64,180.37,99.9
3.86,12.0,4.14,49.64,180.77,99.9
3.87,12.0,4.14,49.64,181.17,99.9
3.88,12.0,4.14,49.64,181.56,99.9
3.89,12.0,4.14,49.64,181.96,99.9
3.90,12.0,4.14,49.64,182.36,99.9
3.91,12.0,4.14,49.64,182.75,99.9
3.92,12.0,4.14,49.64,183.15,99.9
3.92,12.0,4.14,49.64,183.55,99.9
3.94,12.0,4.14,49.64,183.95,99.9
3.94,12.0,4.14,49.64,184.34,99.9
3.95,12.0,4.14,49.64,184.74,99.9
3.96,12.0,4.14,49.64,185.14,99.9
3.97,12.0,4.14,49.64,185.53,99.9
3.98,12.0,4.14,49.64,185.93,99.9
3.98,12.0,4.14,49.64,186.33,99.9
3.99,12.0,4.14,49.64,186.73,99.9
3.99,12.0,4.14,49.64,187.12,99.9
4.00,12.0,4.14,49.64,187.52,99.9
4.01,12.0,4.14,49.64,187.92,99.9
4.02,12.0,4.14,49.64,188.31,99.9
4.02,12.0,4.14,49.64,188.71,99.9
4.03,12.0,4.14,49.64,189.11,99.9
4.04,12.0,4.14,49.64,189.50,99.9
4.05,12.0,4.14,49.64,189.90,99.9
4.05,12.0,4.14,49.64,190.30,99.9
4.06,12.0,4.14,49.64,190.70,99.9
4.07,12.0,4.14,49.64,191.09,99.9
4.08,12.0,4.14,49.64,191.49,99.9
4.09,12.0,4.14,49.64,191.89,99.9
4.10,12.0,4.14,49.64,192.28,99.9
4.11,12.0,4.14,49.64,192.68,99.9
4.12,12.0,4.14,49.64,193.08,99.9
4.13,12.0,4.14,49.64,193.48,99.9
4.14,12.0,4.14,49.64,193.87,99.9
4.15,12.0,4.14,49.64,194.27,99.9
4.16,12.0,4.14,49.64,194.67,99.9
4.17,12.0,4.14,49.64,195.06,99.9
4.18,12.0,4.14,49.64,195.46,99.9
4.19,12.0,4.14,49.64,195.86,99.9
4.20,12.0,4.14,49.64,196.26,99.9
4.21,12.0,4.14,49.64,196.65,99.9
4.22,12.0,4.14,49.64,197.05,99.9
4.22,12.0,4.14,49.64,197.45,99.9
4.23,12.0,4.14,49.64,197.84,99.9
4.24,12.0,4.14,49.64,198.24,99.9
4.25,12.0,4.14,49.64,198.64,99.9
4.25,12.0,4.14,49.64,199.04,99.9
4.26,12.0,4.14,49.64,199.43,99.9
4.27,12.0,4.14,49.64,199.83,99.9
4.28,12.0,4.14,49.64,200.23,99.9
4.28,12.0,4.14,49.64,200.62,99.9
4.29,12.0,4.14,49.64,201.02,99.9
4.30,12.0,4.14,49.64,201.42,99.9
4.30,12.0,4.14,49.64,201.82,99.9
4.31,12.0,4.14,49.64,202.21,99.9
4.32,12.0,4.14,49.64,202.61,99.9
4.32,12.0,4.14,49.64,203.01,99.9
4.33,12.0,4.14,49.64,203.40,99.9
4.34,12.0,4.14,49.64,203.80,99.9
4.35,12.0,4.14,49.64,204.20,99.9
4.36,12.0,4.14,49.64,204.60,99.9
4.37,12.0,4.14,49.64,204.99,99.9
4.38,12.0,4.14,49.64,205.39,99.9
4.39,12.0,4.14,49.64,205.79,99.9
4.40,12.0,4.14,49.64,206.18,99.9
4.41,12.0,4.14,49.64,206.58,99.9
4.42,12.0,4.14,49.64,206.98,99.9
4.43,12.0,4.14,49.64,207.37,99.9
4.44,12.0,4.14,49.64,207.77,99.9
4.45,12.0,4.14,49.64,208.17,99.9
4.46,12.0,4.14,49.64,208.57,99.9
4.47,12.0,4.14,49.64,208.96,99.9
4.48,12.0,4.14,49.64,209.36,99.9
4.48,12.0,4.14,49.64,209.76,99.9
4.49,12.0,4.14,49.64,210.15,99.9
4.50,12.0,4.14,49.64,210.55,99.9
4.51,12.0,4.14,49.64,210.95,99.9
4.52,12.0,4.14,49.64,211.35,99.9
4.52,12.0,4.14,49.64,211.74,99.9
4.53,12.0,4.14,49.64,212.14,99.9
4.54,12.0,4.14,49.64,212.54,99.9
4.55,12.0,4.14,49.64,212.93,99.9
4.55,12.0,4.14,49.64,213.33,99.9
4.56,12.0,4.14,49.64,213.73,99.9
4.57,12.0,4.14,49.64,214.13,99.9
4.58,12.0,4.14,49.64,214.52,99.9
4.58,12.0,4.14,49.64,214.92,99.9
4.59,12.0,4.14,49.64,215.32,99.9
4.60,12.0,4.14,49.64,215.71,99.9
4.61,12.0,4.14,49.64,216.11,99.9
4.61,12.0,4.14,49.64,216.51,99.9
4.62,12.0,4.14,49.64,216.91,99.9
4.63,12.0,4.14,49.64,217.30,99.9
4.64,12.0,4.14,49.64,217.70,99.9
4.65,12.0,4.14,49.64,218.10,99.9
4.65,12.0,4.14,49.64,218.49,99.9
4.66,12.0,4.14,49.64,218.89,99.9
4.68,12.0,4.14,49.64,219.29,99.9
4.68,12.0,0.67,8.01,219.35,99.9
4.69,12.0,0.67,8.01,219.42,99.9
4.70,12.0,0.67,8.01,219.48,99.9
4.72,12.0,0.67,8.01,219.54,99.9
4.73,12.0,0.67,8.01,219.61,99.9
4.74,12.0,0.67,8.01,219.67,99.9
4.75,12.0,0.67,8.01,219.74,99.9
4.76,12.0,0.67,8.01,219.80,99.9
4.76,12.0,0.67,8.01,219.86,99.9
4.77,12.0,0.67,8.01,219.93,99.9
4.78,12.0,0.67,8.01,219.99,99.9
4.79,12.0,0.67,8.01,220.06,99.9
4.80,12.0,0.67,8.01,220.12,99.9
4.81,12.0,2.09,25.13,220.32,99.9
4.81,12.0,2.30,27.58,220.54,99.9
4.82,12.0,2.48,29.79,220.78,99.9
4.83,12.0,2.65,31.77,221.04,99.9
4.84,12.0,2.80,33.56,221.30,99.9
4.85,12.0,2.93,35.17,221.59,99.9
4.85,12.0,3.05,36.62,221.88,99.9
4.86,12.0,3.16,37.92,222.18,99.9
4.86,12.0,3.26,39.09,222.49,99.9
4.87,12.0,3.35,40.14,222.82,99.9
4.88,12.0,3.42,41.09,223.14,99.9
4.89,12.0,3.50,41.95,223.48,99.9
4.89,12.0,3.56,42.72,223.82,99.9
4.90,12.0,3.62,43.41,224.17,99.9
4.91,12.0,3.67,44.03,224.52,99.9
4.92,12.0,3.72,44.59,224.88,99.9
4.93,12.0,3.76,45.10,225.24,99.9
4.94,12.0,3.80,45.55,225.60,99.9
4.94,12.0,3.83,45.96,225.97,99.9
4.95,12.0,3.86,46.33,226.34,99.9
4.96,12.0,3.89,46.66,226.71,99.9
4.97,12.0,3.91,46.96,227.09,99.9
4.98,12.0,3.94,47.23,227.47,99.9
4.99,12.0,3.96,47.47,227.85,99.9
5.00,12.0,3.97,47.68,228.23,99.9
5.01,12.0,3.99,47.88,228.61,99.9
5.02,12.0,4.00,48.06,229.00,99.9
5.03,12.0,4.02,48.21,229.38,99.9
5.04,12.0,4.03,48.36,229.77,99.9
5.05,12.0,4.04,48.48,230.16,99.9
5.06,12.0,4.05,48.60,230.55,99.9
5.07,12.0,4.06,48.70,230.94,99.9
5.08,12.0,4.07,48.80,231.33,99.9
5.09,12.0,4.07,48.88,231.72,99.9
5.10,12.0,4.08,48.96,232.11,99.9
5.10,12.0,4.09,49.03,232.50,99.9
5.11,12.0,4.09,49.09,232.89,99.9
5.12,12.0,4.10,49.14,233.29,99.9
5.12,12.0,4.10,49.19,233.68,99.9
5.13,12.0,4.10,49.24,234.07,99.9
5.14,12.0,4.11,49.28,234.47,99.9
5.14,12.0,4.11,49.31,234.86,99.9
5.16,12.0,4.11,49.35,235.26,99.9
5.16,12.0,4.11,49.38,235.65,99.9
5.17,12.0,4.12,49.40,236.05,99.9
5.18,12.0,4.12,49.43,236.44,99.9
5.19,12.0,4.12,49.45,236.84,99.9
5.19,12.0,4.12,49.47,237.23,99.9
5.20,12.0,4.12,49.48,237.63,99.9
5.21,12.0,4.12,49.50,238.03,99.9
5.22,12.0,4.13,49.51,238.42,99.9
5.23,12.0,4.13,49.53,238.82,99.9
5.24,12.0,4.13,49.54,239.22,99.9
5.25,12.0,4.13,49.55,239.61,99.9
5.26,12.0,4.13,49.56,240.01,99.9
5.27,12.0,4.13,49.56,240.40,99.9
5.28,12.0,4.13,49.57,240.80,99.9
5.29,12.0,4.13,49.58,241.20,99.9
5.30,12.0,4.13,49.58,241.59,99.9
5.31,12.0,4.13,49.59,241.99,99.9
5.31,12.0,4.13,49.60,242.39,99.9
5.32,12.0,4.13,49.60,242.78,99.9
5.33,12.0,4.13,49.60,243.18,99.9
5.34,12.0,4.13,49.61,243.58,99.9
5.35,12.0,4.13,49.61,243.98,99.9
5.36,12.0,4.13,49.61,244.37,99.9
5.36,12.0,4.13,49.62,244.77,99.9
5.37,12.0,4.13,49.62,245.17,99.9
5.38,12.0,4.14,49.62,245.56,99.9
5.38,12.0,4.14,49.62,245.96,99.9
5.39,12.0,4.14,49.62,246.36,99.9
5.40,12.0,4.14,49.63,246.75,99.9
5.40,12.0,4.14,49.63,247.15,99.9
5.41,12.0,4.14,49.63,247.55,99.9
5.42,12.0,4.14,49.63,247.94,99.9
5.43,12.0,0.67,8.01,248.01,99.9
5.44,12.0,0.67,8.01,248.07,99.9
5.45,12.0,0.67,8.01,248.14,99.9
5.45,12.0,0.67,8.01,248.20,99.9
5.46,12.0,0.67,8.01,248.27,99.9
5.47,12.0,0.67,8.01,248.33,99.9
5.48,12.0,0.67,8.01,248.39,99.9
5.49,12.0,2.09,25.13,248.59,99.9
5.50,12.0,2.30,27.58,248.82,99.9
5.51,12.0,2.48,29.79,249.05,99.9
5.52,12.0,2.65,31.77,249.31,99.9
5.53,12.0,2.80,33.56,249.58,99.9
5.54,12.0,2.93,35.17,249.86,99.9
5.55,12.0,3.05,36.62,250.15,99.9
5.56,12.0,3.16,37.92,250.45,99.9
5.57,12.0,3.26,39.09,250.77,99.9
5.58,12.0,3.35,40.14,251.09,99.9
5.59,12.0,3.42,41.09,251.42,99.9
5.60,12.0,3.50,41.95,251.75,99.9
5.60,12.0,3.56,42.72,252.09,99.9
5.61,12.0,3.62,43.41,252.44,99.9
5.62,12.0,3.67,44.03,252.79,99.9
5.63,12.0,3.72,44.59,253.15,99.9
5.63,12.0,3.76,45.10,253.51,99.9
5.64,12.0,3.80,45.55,253.88,99.9
5.65,12.0,3.83,45.96,254.24,99.9
5.65,12.0,3.86,46.33,254.61,99.9
5.66,12.0,3.89,46.66,254.99,99.9
5.67,12.0,3.91,46.96,255.36,99.9
5.67,12.0,3.94,47.23,255.74,99.9
5.68,12.0,3.96,47.47,256.12,99.9
5.69,12.0,3.97,47.68,256.50,99.9
5.70,12.0,3.99,47.88,256.88,99.9
5.71,12.0,4.00,48.06,257.27,99.9
5.72,12.0,4.02,48.21,257.65,99.9
5.72,12.0,4.03,48.36,258.04,99.9
5.73,12.0,4.04,48.48,258.43,99.9
5.74,12.0,4.05,48.60,258.82,99.9
5.75,12.0,4.06,48.70,259.21,99.9
5.76,12.0,4.07,48.80,259.60,99.9
5.77,12.0,4.07,48.88,259.99,99.9
5.78,12.0,4.08,48.96,260.38,99.9
5.79,12.0,4.09,49.03,260.77,99.9
5.80,12.0,4.09,49.09,261.17,99.9
5.81,12.0,4.10,49.14,261.56,99.9
5.82,12.0,4.10,49.19,261.95,99.9
5.83,12.0,4.10,49.24,262.35,99.9
5.84,12.0,4.11,49.28,262.74,99.9
5.85,12.0,4.11,49.31,263.14,99.9
5.86,12.0,4.11,49.35,263.53,99.9
5.87,12.0,4.11,49.38,263.92,99.9
5.88,12.0,4.12,49.40,264.32,99.9
5.88,12.0,0.67,8.01,264.38,99.9
5.89,12.0,0.67,8.01,264.45,99.9
5.90,12.0,0.67,8.01,264.51,99.9
5.91,12.0,0.67,8.01,264.58,99.9
5.91,12.0,0.67,8.01,264.64,99.9
5.92,12.0,0.67,8.01,264.70,99.9
5.92,12.0,0.67,8.01,264.77,99.9
5.93,12.0,0.67,8.01,264.83,99.9
5.94,12.0,0.67,8.01,264.90,99.9
5.95,12.0,0.67,8.01,264.96,99.9
5.95,12.0,0.67,8.01,265.03,99.9
5.96,12.0,0.67,8.01,265.09,99.9
5.97,12.0,0.67,8.01,265.15,99.9
5.98,12.0,0.67,8.01,265.22,99.9
5.99,12.0,0.67,8.01,265.28,99.9
6.00,12.0,0.67,8.01,265.35,99.9
6.00,12.0,0.67,8.01,265.41,99.9
6.01,12.0,0.67,8.01,265.47,99.9
6.02,12.0,0.67,8.01,265.54,99.9
6.03,12.0,0.67,8.01,265.60,99.9
6.04,12.0,0.67,8.01,265.67,99.9
6.05,12.0,0.67,8.01,265.73,99.9
6.07,12.0,0.67,8.01,265.79,99.9
6.08,12.0,0.67,8.01,265.86,99.9
6.09,12.0,0.67,8.01,265.92,99.9
6.10,12.0,0.67,8.01,265.99,99.9
6.11,12.0,0.67,8.01,266.05,99.9
6.12,12.0,0.67,8.01,266.11,99.9
6.12,12.0,0.67,8.01,266.18,99.9
6.13,12.0,0.67,8.01,266.24,99.9
6.14,12.0,0.67,8.01,266.31,99.9
6.15,12.0,0.67,8.01,266.37,99.9
6.16,12.0,0.67,8.01,266.43,99.9
6.16,12.0,0.67,8.01,266.50,99.9
6.17,12.0,0.67,8.01,266.56,99.9
6.18,12.0,0.67,8.01,266.63,99.9
6.19,12.0,0.67,8.01,266.69,99.9
6.19,12.0,0.67,8.01,266.76,99.9
6.20,12.0,0.67,8.01,266.82,99.9
6.21,12.0,0.67,8.01,266.88,99.9
6.21,12.0,0.67,8.01,266.95,99.9
6.22,12.0,0.67,8.01,267.01,99.9
6.23,12.0,0.67,8.01,267.08,99.9
6.24,12.0,0.67,8.01,267.14,99.9
6.24,12.0,0.67,8.01,267.20,99.9
6.25,12.0,0.67,8.01,267.27,99.9
6.26,12.0,0.67,8.01,267.33,99.9
6.27,12.0,0.67,8.01,267.40,99.9
6.28,12.0,0.67,8.01,267.46,99.9
6.29,12.0,0.67,8.01,267.52,99.9
6.30,12.0,0.67,8.01,267.59,99.9
6.31,12.0,0.67,8.01,267.65,99.9
6.32,12.0,0.67,8.01,267.72,99.9
6.33,12.0,0.67,8.01,267.78,99.9
6.34,12.0,0.67,8.01,267.84,99.9
6.35,12.0,0.67,8.01,267.91,99.9
6.36,12.0,0.67,8.01,267.97,99.9
6.37,12.0,0.67,8.01,268.04,99.9
6.38,12.0,0.67,8.01,268.10,99.9
6.38,12.0,0.67,8.01,268.16,99.9
6.39,12.0,0.67,8.01,268.23,99.9
6.40,12.0,0.67,8.01,268.29,99.9
6.41,12.0,0.67,8.01,268.36,99.9
6.42,12.0,0.67,8.01,268.42,99.9
6.43,12.0,0.67,8.01,268.49,99.9
6.43,12.0,0.67,8.01,268.55,99.9
6.44,12.0,0.67,8.01,268.61,99.9
6.45,12.0,0.67,8.01,268.68,99.9
6.45,12.0,0.67,8.01,268.74,99.9
6.46,12.0,0.67,8.01,268.81,99.9
6.47,12.0,0.67,8.01,268.87,99.9
6.47,12.0,0.67,8.01,268.93,99.9
6.48,12.0,0.67,8.01,269.00,99.9
6.49,12.0,0.67,8.01,269.06,99.9
6.50,12.0,0.67,8.01,269.13,99.9
6.51,12.0,0.67,8.01,269.19,99.9
6.52,12.0,0.67,8.01,269.25,99.9
6.53,12.0,0.67,8.01,269.32,99.9
6.53,12.0,0.67,8.01,269.38,99.9
6.54,12.0,0.67,8.01,269.45,99.9
6.55,12.0,0.67,8.01,269.51,99.9
6.56,12.0,0.67,8.01,269.57,99.9
6.57,12.0,0.67,8.01,269.64,99.9
6.58,12.0,0.67,8.01,269.70,99.9
6.59,12.0,0.67,8.01,269.77,99.9
6.60,12.0,0.67,8.01,269.83,99.9
6.61,12.0,0.67,8.01,269.90,99.9
6.62,12.0,0.67,8.01,269.96,99.9
6.63,12.0,0.67,8.01,270.02,99.9
6.64,12.0,0.67,8.01,270.09,99.9
6.65,12.0,0.67,8.01,270.15,99.9
6.66,12.0,0.67,8.01,270.22,99.9
6.67,12.0,0.67,8.01,270.28,99.9
6.67,12.0,0.67,8.01,270.34,99.9
6.68,12.0,0.67,8.01,270.41,99.9
6.69,12.0,0.67,8.01,270.47,99.9
6.70,12.0,0.67,8.01,270.54,99.9
6.70,12.0,0.67,8.01,270.60,99.9
6.71,12.0,0.67,8.01,270.66,99.9
6.72,12.0,0.67,8.01,270.73,99.9
6.72,12.0,0.67,8.01,270.79,99.9
6.73,12.0,0.67,8.01,270.86,99.9
6.74,12.0,0.67,8.01,270.92,99.9
6.75,12.0,0.67,8.01,270.98,99.9
6.75,12.0,0.67,8.01,271.05,99.9
6.76,12.0,0.67,8.01,271.11,99.9
6.77,12.0,0.67,8.01,271.18,99.9
6.78,12.0,0.67,8.01,271.24,99.9
6.79,12.0,0.67,8.01,271.30,99.9
6.80,12.0,0.67,8.01,271.37,99.9
6.81,12.0,0.67,8.01,271.43,99.9
6.82,12.0,0.67,8.01,271.50,99.9
6.83,12.0,0.67,8.01,271.56,99.9
6.84,12.0,0.67,8.01,271.63,99.9
6.85,12.0,0.67,8.01,271.69,99.9
6.86,12.0,0.67,8.01,271.75,99.9
6.87,12.0,0.67,8.01,271.82,99.9
6.88,12.0,0.67,8.01,271.88,99.9
6.89,12.0,0.67,8.01,271.95,99.9
6.90,12.0,0.67,8.01,272.01,99.9
6.90,12.0,0.67,8.01,272.07,99.9
6.91,12.0,0.67,8.01,272.14,99.9
6.92,12.0,0.67,8.01,272.20,99.9
6.93,12.0,0.67,8.01,272.27,99.9
6.94,12.0,0.67,8.01,272.33,99.9
6.95,12.0,0.67,8.01,272.39,99.9
6.95,12.0,0.67,8.01,272.46,99.9
6.96,12.0,0.67,8.01,272.52,99.9
6.97,12.0,0.67,8.01,272.59,99.9
6.97,12.0,0.67,8.01,272.65,99.9
6.98,12.0,0.67,8.01,272.71,99.9
6.99,12.0,0.67,8.01,272.78,99.9
7.00,12.0,0.67,8.01,272.84,99.9
7.00,12.0,0.67,8.01,272.91,99.9
7.01,12.0,0.67,8.01,272.97,99.9
7.02,12.0,0.67,8.01,273.04,99.9
7.02,12.0,0.67,8.01,273.10,99.9
7.03,12.0,0.67,8.01,273.16,99.9
7.04,12.0,0.67,8.01,273.23,99.9
7.05,12.0,0.67,8.01,273.29,99.9
7.06,12.0,0.67,8.01,273.36,99.9
7.07,12.0,0.67,8.01,273.42,99.9
7.08,12.0,0.67,8.01,273.48,99.9
7.09,12.0,0.67,8.01,273.55,99.9
7.10,12.0,0.67,8.01,273.61,99.9
7.11,12.0,0.67,8.01,273.68,99.9
7.12,12.0,0.67,8.01,273.74,99.9
7.13,12.0,0.67,8.01,273.80,99.9
7.14,12.0,0.67,8.01,273.87,99.9
7.15,12.0,0.67,8.01,273.93,99.9
7.16,12.0,0.67,8.01,274.00,99.9
7.17,12.0,0.67,8.01,274.06,99.9
7.18,12.0,0.67,8.01,274.12,99.9
7.19,12.0,0.67,8.01,274.19,99.9
7.19,12.0,0.67,8.01,274.25,99.9
7.20,12.0,0.67,8.01,274.32,99.9
7.21,12.0,0.67,8.01,274.38,99.9
7.22,12.0,0.67,8.01,274.44,99.9
7.23,12.0,0.67,8.01,274.51,99.9
7.24,12.0,0.67,8.01,274.57,99.9
7.24,12.0,0.67,8.01,274.64,99.9
7.25,12.0,0.67,8.01,274.70,99.9
7.26,12.0,0.67,8.01,274.77,99.9
7.26,12.0,0.67,8.01,274.83,99.9
7.27,12.0,0.67,8.01,274.89,99.9
7.28,12.0,0.67,8.01,274.96,99.9
7.28,12.0,0.67,8.01,275.02,99.9
7.29,12.0,0.67,8.01,275.09,99.9
7.30,12.0,0.67,8.01,275.15,99.9
7.31,12.0,0.67,8.01,275.21,99.9
7.32,12.0,0.67,8.01,275.28,99.9
7.32,12.0,0.67,8.01,275.34,99.9
7.33,12.0,0.67,8.01,275.41,99.9
7.34,12.0,0.67,8.01,275.47,99.9
7.35,12.0,0.67,8.01,275.53,99.9
7.36,12.0,0.67,8.01,275.60,99.9
7.37,12.0,0.67,8.01,275.66,99.9
7.38,12.0,2.09,25.13,275.86,99.9
7.39,12.0,2.30,27.58,276.08,99.9
7.40,12.0,2.48,29.79,276.32,99.9
7.41,12.0,2.65,31.77,276.58,99.9
7.42,12.0,2.80,33.56,276.85,99.9
7.43,12.0,2.93,35.17,277.13,99.9
7.44,12.0,3.05,36.62,277.42,99.9
7.45,12.0,3.16,37.92,277.72,99.9
7.46,12.0,3.26,39.09,278.04,99.9
7.47,12.0,3.35,40.14,278.36,99.9
7.48,12.0,3.42,41.09,278.69,99.9
7.48,12.0,3.50,41.95,279.02,99.9
7.49,12.0,3.56,42.72,279.36,99.9
7.50,12.0,3.62,43.41,279.71,99.9
7.51,12.0,3.67,44.03,280.06,99.9
7.51,12.0,3.72,44.59,280.42,99.9
7.52,12.0,3.76,45.10,280.78,99.9
7.53,12.0,3.80,45.55,281.14,99.9
7.53,12.0,3.83,45.96,281.51,99.9
7.54,12.0,3.86,46.33,281.88,99.9
7.55,12.0,3.89,46.66,282.26,99.9
7.56,12.0,3.91,46.96,282.63,99.9
7.56,12.0,3.94,47.23,283.01,99.9
7.57,12.0,3.96,47.47,283.39,99.9
7.58,12.0,3.97,47.68,283.77,99.9
7.59,12.0,3.99,47.88,284.15,99.9
7.60,12.0,4.00,48.06,284.54,99.9
7.61,12.0,4.02,48.21,284.92,99.9
7.62,12.0,4.03,48.36,285.31,99.9
7.63,12.0,4.04,48.48,285.70,99.9
7.64,12.0,4.05,48.60,286.09,99.9
7.65,12.0,4.06,48.70,286.48,99.9
7.66,12.0,4.07,48.80,286.87,99.9
7.67,12.0,4.07,48.88,287.26,99.9
7.68,12.0,4.08,48.96,287.65,99.9
7.69,12.0,4.09,49.03,288.04,99.9
7.70,12.0,4.09,49.09,288.43,99.9
7.71,12.0,4.10,49.14,288.83,99.9
7.72,12.0,4.10,49.19,289.22,99.9
7.72,12.0,4.10,49.24,289.62,99.9
7.73,12.0,4.11,49.28,290.01,99.9
7.74,12.0,4.11,49.31,290.40,99.9
7.75,12.0,4.11,49.35,290.80,99.9
7.76,12.0,4.11,49.38,291.19,99.9
7.77,12.0,4.12,49.40,291.59,99.9
7.77,12.0,4.12,49.43,291.98,99.9
7.78,12.0,4.12,49.45,292.38,99.9
7.79,12.0,4.12,49.47,292.78,99.9
7.80,12.0,4.12,49.48,293.17,99.9
7.80,12.0,4.12,49.50,293.57,99.9
7.81,12.0,4.13,49.51,293.96,99.9
7.82,12.0,4.13,49.53,294.36,99.9
7.82,12.0,4.13,49.54,294.76,99.9
7.83,12.0,4.13,49.55,295.15,99.9
7.84,12.0,4.13,49.56,295.55,99.9
7.84,12.0,4.13,49.56,295.95,99.9
7.85,12.0,4.13,49.57,296.34,99.9
7.86,12.0,4.13,49.58,296.74,99.9
7.87,12.0,4.13,49.58,297.14,99.9
7.88,12.0,4.13,49.59,297.53,99.9
7.89,12.0,4.13,49.60,297.93,99.9
7.90,12.0,4.13,49.60,298.33,99.9
7.91,12.0,4.13,49.60,298.72,99.9
7.92,12.0,4.13,49.61,299.12,99.9
7.93,12.0,4.13,49.61,299.52,99.9
7.94,12.0,4.13,49.61,299.91,99.9
7.95,12.0,4.13,49.62,300.31,99.9
7.96,12.0,4.13,49.62,300.71,99.9
7.97,12.0,4.14,49.62,301.10,99.9
7.98,12.0,4.14,49.62,301.50,99.9
7.99,12.0,4.14,49.62,301.90,99.9
8.00,12.0,4.14,49.63,302.29,99.9
8.01,12.0,4.14,49.63,302.69,99.9
8.01,12.0,4.14,49.63,303.09,99.9
8.02,12.0,4.14,49.63,303.49,99.9
8.03,12.0,4.14,49.63,303.88,99.9
8.04,12.0,0.67,8.01,303.95,99.9
8.05,12.0,0.67,8.01,304.01,99.9
8.05,12.0,0.67,8.01,304.08,99.9
8.06,12.0,0.67,8.01,304.14,99.9
8.07,12.0,0.67,8.01,304.20,99.9
8.07,12.0,0.67,8.01,304.27,99.9
8.08,12.0,0.67,8.01,304.33,99.9
8.09,12.0,0.67,8.01,304.40,99.9
8.10,12.0,0.67,8.01,304.46,99.9
8.11,12.0,0.67,8.01,304.52,99.9
8.11,12.0,0.67,8.01,304.59,99.9
8.12,12.0,0.67,8.01,304.65,99.9
8.13,12.0,0.67,8.01,304.72,99.9
8.14,12.0,0.67,8.01,304.78,99.9
8.14,12.0,0.67,8.01,304.84,99.9
8.15,12.0,0.67,8.01,304.91,99.9
8.16,12.0,0.67,8.01,304.97,99.9
8.17,12.0,0.67,8.01,305.04,99.9
8.18,12.0,0.67,8.01,305.10,99.9
8.19,12.0,0.67,8.01,305.16,99.9
8.20,12.0,0.67,8.01,305.23,99.9
8.21,12.0,0.67,8.01,305.29,99.9
8.22,12.0,0.67,8.01,305.36,99.9
8.23,12.0,0.67,8.01,305.42,99.9
8.24,12.0,0.67,8.01,305.49,99.9
8.25,12.0,0.67,8.01,305.55,99.9
8.26,12.0,0.67,8.01,305.61,99.9
8.27,12.0,0.67,8.01,305.68,99.9
8.28,12.0,1.33,15.99,305.81,99.9
8.29,12.0,1.44,17.27,305.94,99.9
8.29,12.0,2.22,26.65,306.16,99.9
8.30,12.0,2.42,29.04,306.39,99.9
8.31,12.0,2.60,31.19,306.64,99.9
8.32,12.0,2.81,33.67,306.91,99.9
8.32,12.0,3.03,36.37,307.20,99.9
8.33,12.0,3.23,38.74,307.51,99.9
8.34,12.0,3.40,40.86,307.84,99.9
8.34,12.0,3.56,42.77,308.18,99.9
8.35,12.0,3.70,44.46,308.53,99.9
8.36,12.0,3.83,46.01,308.90,99.9
8.37,12.0,3.95,47.41,309.28,99.9
8.37,12.0,4.06,48.66,309.67,99.9
8.38,12.0,4.15,49.79,310.07,99.9
8.39,12.0,4.23,50.81,310.47,99.9
8.40,12.0,4.31,51.73,310.89,99.9
8.41,12.0,4.38,52.55,311.31,99.9
8.42,12.0,4.44,53.30,311.74,99.9
8.43,12.0,4.50,53.97,312.17,99.9
8.43,12.0,4.55,54.57,312.60,99.9
8.44,12.0,4.59,55.11,313.04,99.9
8.45,12.0,4.63,55.60,313.49,99.9
8.47,12.0,4.67,56.03,313.94,99.9
8.48,12.0,4.70,56.43,314.39,99.9
8.49,12.0,4.73,56.78,314.84,99.9
8.50,12.0,4.76,57.07,315.30,99.9
8.51,12.0,4.77,57.29,315.76,99.9
8.52,12.0,4.79,57.48,316.22,99.9
8.53,12.0,4.80,57.66,316.68,99.9
8.53,12.0,4.82,57.82,317.14,99.9
8.54,12.0,4.83,57.96,317.61,99.9
8.55,12.0,4.84,58.09,318.07,99.9
8.56,12.0,4.85,58.21,318.54,99.9
8.57,12.0,4.86,58.31,319.00,99.9
8.58,12.0,4.87,58.41,319.47,99.9
8.59,12.0,4.87,58.49,319.94,99.9
8.59,12.0,4.88,58.57,320.41,99.9
8.60,12.0,4.89,58.64,320.88,99.9
8.61,12.0,4.89,58.70,321.34,99.9
8.62,12.0,4.90,58.75,321.82,99.9
8.62,12.0,4.90,58.80,322.29,99.9
8.63,12.0,4.90,58.85,322.76,99.9
8.63,12.0,4.91,58.89,323.23,99.9
8.64,12.0,4.91,58.93,323.70,99.9
8.65,12.0,4.91,58.96,324.17,99.8
8.66,12.0,4.92,58.99,324.64,99.8
8.66,12.0,4.92,59.01,325.11,99.8
8.67,12.0,4.92,59.04,325.59,99.8
8.68,12.0,4.92,59.06,326.06,99.8
8.69,12.0,4.92,59.08,326.53,99.8
8.70,12.0,4.93,59.21,327.01,99.8
8.70,12.0,4.96,59.46,327.48,99.8
8.71,12.0,4.98,59.77,327.96,99.8
8.72,12.0,5.01,60.12,328.44,99.8
8.73,12.0,5.04,60.54,328.92,99.8
8.74,12.0,5.08,60.96,329.41,99.8
8.75,12.0,5.12,61.40,329.90,99.8
8.76,12.0,5.15,61.84,330.40,99.8
8.77,12.0,5.20,62.38,330.90,99.8
8.78,12.0,5.24,62.94,331.40,99.8
8.79,12.0,5.29,63.51,331.91,99.8
8.81,12.0,5.34,64.03,332.42,99.8
8.81,12.0,5.37,64.50,332.94,99.8
8.83,12.0,5.41,64.92,333.46,99.8
8.83,12.0,5.44,65.30,333.98,99.8
8.84,12.0,5.40,64.80,334.50,99.8
8.85,12.0,0.67,8.01,334.56,99.8
8.86,12.0,0.67,8.01,334.63,99.8
8.87,12.0,0.67,8.01,334.69,99.8
8.88,12.0,0.67,8.01,334.75,99.8
8.88,12.0,0.67,8.01,334.82,99.8
8.89,12.0,0.67,8.01,334.88,99.8
8.90,12.0,0.67,8.01,334.95,99.8
8.90,12.0,0.67,8.01,335.01,99.8
8.91,12.0,0.67,8.01,335.07,99.8
8.92,12.0,0.67,8.01,335.14,99.8
8.92,12.0,0.67,8.01,335.20,99.8
8.93,12.0,0.67,8.01,335.27,99.8
8.94,12.0,0.67,8.01,335.33,99.8
8.95,12.0,0.67,8.01,335.39,99.8
8.95,12.0,0.67,8.01,335.46,99.8
8.96,12.0,0.67,8.01,335.52,99.8
8.97,12.0,0.67,8.01,335.59,99.8
8.98,12.0,0.67,8.01,335.65,99.8
8.99,12.0,0.67,8.01,335.71,99.8
9.00,12.0,0.67,8.01,335.78,99.8
9.01,12.0,0.67,8.01,335.84,99.8
9.02,12.0,0.67,8.01,335.91,99.8
9.02,12.0,0.67,8.01,335.97,99.8
9.03,12.0,0.67,8.01,336.04,99.8
9.05,12.0,0.67,8.01,336.10,99.8
9.06,12.0,0.67,8.01,336.16,99.8
9.07,12.0,0.67,8.01,336.23,99.8
9.08,12.0,0.67,8.01,336.29,99.8
9.09,12.0,0.67,8.01,336.36,99.8
9.10,12.0,0.67,8.01,336.42,99.8
9.11,12.0,0.67,8.01,336.48,99.8
9.11,12.0,0.67,8.01,336.55,99.8
9.12,12.0,0.67,8.01,336.61,99.8
9.13,12.0,0.67,8.01,336.68,99.8
9.14,12.0,0.67,8.01,336.74,99.8
9.15,12.0,0.67,8.01,336.80,99.8
9.15,12.0,0.67,8.01,336.87,99.8
9.16,12.0,0.67,8.01,336.93,99.8
9.17,12.0,0.67,8.01,337.00,99.8
9.18,12.0,0.67,8.01,337.06,99.8
9.18,12.0,0.67,8.01,337.12,99.8
9.19,12.0,1.95,23.41,337.31,99.8
9.20,12.0,2.05,24.60,337.51,99.8
9.20,12.0,2.23,26.76,337.72,99.8
9.21,12.0,2.39,28.70,337.95,99.8
9.22,12.0,2.63,31.54,338.20,99.8
9.23,12.0,2.86,34.27,338.48,99.8
9.23,12.0,3.06,36.70,338.77,99.8
9.24,12.0,3.23,38.81,339.08,99.8
9.25,12.0,3.37,40.49,339.41,99.8
9.26,12.0,3.49,41.86,339.74,99.8
9.27,12.0,3.58,42.91,340.08,99.8
9.28,12.0,3.05,36.65,340.38,99.8
9.29,12.0,3.84,46.09,340.75,99.8
9.30,12.0,4.01,48.09,341.13,99.8
9.31,12.0,4.17,50.01,341.53,99.8
9.32,12.0,4.32,51.88,341.95,99.8
9.33,12.0,4.46,53.56,342.38,99.8
9.34,12.0,4.59,55.07,342.82,99.8
9.35,12.0,4.70,56.43,343.27,99.8
9.36,12.0,4.80,57.66,343.73,99.8
9.37,12.0,4.90,58.76,344.20,99.8
9.38,12.0,4.98,59.75,344.68,99.8
9.39,12.0,5.05,60.65,345.16,99.8
9.39,12.0,5.12,61.45,345.65,99.8
9.40,12.0,5.18,62.18,346.15,99.8
9.41,12.0,5.24,62.83,346.65,99.8
9.42,12.0,5.28,63.41,347.16,99.8
9.43,12.0,5.33,63.94,347.67,99.8
9.44,12.0,5.37,64.42,348.19,99.8
9.44,12.0,5.40,64.84,348.71,99.8
9.45,12.0,5.44,65.23,349.23,99.8
9.46,12.0,5.46,65.58,349.75,99.8
9.46,12.0,5.49,65.89,350.28,99.8
9.47,12.0,5.51,66.17,350.81,99.8
9.48,12.0,5.54,66.42,351.34,99.8
9.49,12.0,5.55,66.65,351.87,99.8
9.49,12.0,5.57,66.85,352.41,99.8
9.50,12.0,5.59,67.04,352.94,99.8
9.51,12.0,5.60,67.20,353.48,99.8
9.52,12.0,5.61,67.35,354.02,99.8
9.53,12.0,5.62,67.48,354.56,99.8
9.54,12.0,5.63,67.61,355.10,99.8
9.54,12.0,5.64,67.71,355.64,99.8
9.55,12.0,5.65,67.81,356.19,99.8
9.56,12.0,5.66,67.90,356.73,99.8
9.57,12.0,5.66,67.98,357.27,99.8
9.58,12.0,5.67,68.05,357.82,99.8
9.59,12.0,5.68,68.11,358.36,99.8
9.60,12.0,5.68,68.17,358.91,99.8
9.61,12.0,5.69,68.22,359.45,99.8
9.62,12.0,5.69,68.27,360.00,99.8
9.63,12.0,5.69,68.31,360.55,99.8
9.64,12.0,5.70,68.35,361.09,99.8
9.65,12.0,5.69,68.28,361.64,99.8
9.66,12.0,5.68,68.21,362.19,99.8
9.67,12.0,5.64,67.71,362.73,99.8
9.68,12.0,5.61,67.27,363.26,99.8
9.69,12.0,5.55,66.65,363.80,99.8
9.69,12.0,5.51,66.09,364.33,99.8
9.70,12.0,5.45,65.37,364.85,99.8
9.71,12.0,5.38,64.50,365.37,99.8
9.72,12.0,5.30,63.62,365.87,99.8
9.72,12.0,5.23,62.78,366.38,99.8
9.73,12.0,5.17,61.99,366.87,99.8
9.74,12.0,5.11,61.28,367.36,99.8
9.75,12.0,5.05,60.64,367.85,99.8
9.75,12.0,5.01,60.07,368.33,99.8
9.76,12.0,4.96,59.55,368.81,99.8
9.77,12.0,4.92,59.09,369.28,99.8
9.77,12.0,4.90,58.74,369.75,99.8
9.78,12.0,4.88,58.61,370.22,99.8
9.79,12.0,4.88,58.60,370.69,99.8
9.80,12.0,4.89,58.67,371.15,99.8
9.81,12.0,4.90,58.80,371.63,99.8
9.82,12.0,4.91,58.92,372.10,99.8
9.82,12.0,4.93,59.13,372.57,99.8
9.83,12.0,4.96,59.58,373.05,99.8
9.84,12.0,5.02,60.20,373.53,99.8
9.85,12.0,5.07,60.83,374.01,99.8
9.86,12.0,5.12,61.44,374.51,99.8
9.87,12.0,5.17,61.98,375.00,99.8
9.88,12.0,5.21,62.51,375.50,99.8
9.90,12.0,5.25,62.98,376.01,99.8
9.91,12.0,5.28,63.41,376.51,99.8
9.91,12.0,5.32,63.83,377.02,99.8
9.92,12.0,5.35,64.24,377.54,99.8
9.93,12.0,5.38,64.61,378.05,99.8
9.94,12.0,5.42,64.98,378.57,99.8
9.95,12.0,5.45,65.35,379.10,99.8
9.96,12.0,5.47,65.69,379.62,99.8
9.97,12.0,5.50,65.99,380.15,99.8
9.98,12.0,5.52,66.26,380.68,99.8
9.98,12.0,5.54,66.50,381.21,99.8
9.99,12.0,5.56,66.72,381.75,99.8
10.00,12.0,5.58,66.92,382.28,99.8
10.01,12.0,5.59,67.10,382.82,99.8
10.01,12.0,5.60,67.26,383.36,99.8
10.02,12.0,5.62,67.40,383.90,99.8
10.02,12.0,5.63,67.53,384.44,99.8
10.03,12.0,5.64,67.64,384.98,99.8
10.04,12.0,5.65,67.75,385.52,99.8
10.05,12.0,5.65,67.84,386.06,99.8
10.06,12.0,5.66,67.93,386.61,99.8
10.06,12.0,5.67,68.00,387.15,99.8
10.07,12.0,5.67,68.07,387.69,99.8
10.08,12.0,5.68,68.14,388.24,99.8
10.09,12.0,5.68,68.19,388.78,99.8
10.10,12.0,5.69,68.24,389.33,99.8
10.11,12.0,5.69,68.29,389.88,99.8
10.12,12.0,5.69,68.33,390.42,99.8
10.13,12.0,5.70,68.36,390.97,99.8
10.14,12.0,5.70,68.40,391.52,99.8
10.15,12.0,5.70,68.43,392.06,99.8
10.16,12.0,5.70,68.45,392.61,99.8
10.17,12.0,5.71,68.48,393.16,99.8
10.18,12.0,5.71,68.50,393.71,99.8
10.19,12.0,5.71,68.52,394.26,99.8
10.20,12.0,5.71,68.53,394.80,99.8
10.21,12.0,5.71,68.55,395.35,99.8
10.22,12.0,5.71,68.56,395.90,99.8
10.23,12.0,5.71,68.58,396.45,99.8
10.24,12.0,5.72,68.59,397.00,99.8
10.25,12.0,5.72,68.60,397.55,99.8
10.25,12.0,5.72,68.61,398.10,99.8
10.26,12.0,5.72,68.62,398.65,99.8
10.27,12.0,5.72,68.62,399.19,99.8
10.28,12.0,5.72,68.63,399.74,99.8
10.28,12.0,5.72,68.64,400.29,99.8
10.29,12.0,5.72,68.64,400.84,99.8
10.30,12.0,5.72,68.65,401.39,99.8
10.30,12.0,5.72,68.65,401.94,99.8
10.31,12.0,5.72,68.66,402.49,99.8
10.32,12.0,5.72,68.66,403.04,99.8
10.32,12.0,5.72,68.66,403.59,99.8
10.33,12.0,5.68,68.12,404.13,99.8
10.34,12.0,5.56,66.76,404.67,99.8
10.35,12.0,5.39,64.63,405.18,99.8
10.36,12.0,5.16,61.95,405.68,99.8
10.37,12.0,4.91,58.96,406.15,99.8
10.38,12.0,3.01,36.11,406.44,99.8
10.38,12.0,3.28,39.37,406.76,99.8
10.39,12.0,3.52,42.30,407.09,99.8
10.40,12.0,3.74,44.94,407.45,99.8
10.41,12.0,3.94,47.31,407.83,99.8
10.42,12.0,4.12,49.45,408.23,99.8
10.43,12.0,4.28,51.38,408.64,99.8
10.44,12.0,4.43,53.11,409.06,99.8
10.45,12.0,4.56,54.67,409.50,99.8
10.46,12.0,4.67,56.07,409.95,99.8
10.47,12.0,4.78,57.33,410.41,99.8
10.48,12.0,4.87,58.47,410.88,99.8
10.49,12.0,4.96,59.49,411.35,99.8
10.50,12.0,5.03,60.41,411.83,99.8
10.51,12.0,5.10,61.24,412.32,99.8
10.51,12.0,5.17,61.98,412.82,99.8
10.52,12.0,5.22,62.65,413.32,99.8
10.53,12.0,5.27,63.26,413.83,99.8
10.54,12.0,5.32,63.80,414.34,99.8
10.54,12.0,5.36,64.29,414.85,99.8
10.55,12.0,5.39,64.73,415.37,99.8
10.56,12.0,5.43,65.13,415.89,99.8
10.57,12.0,5.45,65.41,416.41,99.8
10.57,12.0,5.47,65.63,416.94,99.8
10.58,12.0,5.48,65.79,417.47,99.8
10.58,12.0,5.49,65.94,417.99,99.8
10.59,12.0,5.51,66.07,418.52,99.8
10.60,12.0,5.52,66.18,419.05,99.8
10.61,12.0,5.52,66.25,419.58,99.8
10.62,12.0,5.53,66.32,420.11,99.8
10.62,12.0,5.53,66.37,420.64,99.8
10.63,12.0,5.54,66.42,421.17,99.8
10.64,12.0,5.54,66.47,421.71,99.8
10.65,12.0,5.54,66.44,422.24,99.8
10.66,12.0,5.42,64.99,422.76,99.8
10.67,12.0,5.24,62.93,423.26,99.8
10.68,12.0,5.03,60.38,423.74,99.8
10.69,12.0,0.67,8.01,423.81,99.8
10.70,12.0,0.67,8.01,423.87,99.8
10.71,12.0,0.67,8.01,423.94,99.8
10.72,12.0,0.67,8.01,424.00,99.8
10.73,12.0,0.67,8.01,424.06,99.8
10.74,12.0,0.67,8.01,424.13,99.8
10.75,12.0,0.67,8.01,424.19,99.8
10.76,12.0,0.67,8.01,424.26,99.8
10.77,12.0,0.67,8.01,424.32,99.8
10.78,12.0,0.67,8.01,424.38,99.8
10.78,12.0,0.67,8.01,424.45,99.8
10.79,12.0,0.67,8.01,424.51,99.8
10.80,12.0,0.67,8.01,424.58,99.8
10.81,12.0,0.67,8.01,424.64,99.8
10.81,12.0,0.67,8.01,424.71,99.8
10.82,12.0,0.67,8.01,424.77,99.8
10.83,12.0,0.67,8.01,424.83,99.8
10.84,12.0,0.67,8.01,424.90,99.8
10.84,12.0,0.67,8.01,424.96,99.8
10.85,12.0,0.67,8.01,425.03,99.8
10.86,12.0,0.67,8.01,425.09,99.8
10.86,12.0,0.67,8.01,425.15,99.8
10.87,12.0,0.67,8.01,425.22,99.8
10.88,12.0,0.67,8.01,425.28,99.8
10.89,12.0,0.67,8.01,425.35,99.8
10.89,12.0,0.67,8.01,425.41,99.8
10.90,12.0,0.67,8.01,425.47,99.8
10.91,12.0,0.67,8.01,425.54,99.8
10.92,12.0,0.67,8.01,425.60,99.8
10.93,12.0,0.67,8.01,425.67,99.8
10.94,12.0,1.94,23.34,425.85,99.8
10.95,12.0,2.08,25.00,426.05,99.8
10.96,12.0,2.29,27.48,426.27,99.8
10.97,12.0,2.63,31.61,426.53,99.8
10.98,12.0,2.94,35.31,426.81,99.8
10.99,12.0,3.22,38.65,427.12,99.8
11.00,12.0,3.47,41.66,427.45,99.8
11.01,12.0,3.69,44.32,427.81,99.8
11.02,12.0,3.89,46.72,428.18,99.8
11.03,12.0,4.07,48.88,428.57,99.8
11.04,12.0,4.23,50.79,428.98,99.8
11.05,12.0,4.37,52.47,429.40,99.8
11.06,12.0,4.50,53.95,429.83,99.8
11.07,12.0,4.61,55.28,430.27,99.8
11.08,12.0,4.70,56.44,430.72,99.8
11.08,12.0,4.79,57.48,431.18,99.8
11.09,12.0,4.87,58.42,431.65,99.8
11.10,12.0,4.94,59.27,432.12,99.8
11.11,12.0,5.00,60.03,432.60,99.8
11.11,12.0,5.06,60.71,433.09,99.8
11.12,12.0,5.11,61.33,433.58,99.8
11.13,12.0,5.16,61.92,434.07,99.8
11.13,12.0,5.20,62.45,434.57,99.8
11.14,12.0,5.24,62.93,435.08,99.8
11.15,12.0,5.28,63.40,435.59,99.8
11.15,12.0,5.32,63.82,436.10,99.8
11.16,12.0,5.35,64.20,436.61,99.8
11.17,12.0,5.28,63.38,437.12,99.8
11.18,12.0,5.03,60.35,437.60,99.8
11.19,12.0,0.67,8.01,437.66,99.8
11.19,12.0,0.67,8.01,437.73,99.8
11.20,12.0,0.67,8.01,437.79,99.8
11.21,12.0,0.67,8.01,437.86,99.8
11.22,12.0,0.67,8.01,437.92,99.8
11.23,12.0,0.67,8.01,437.98,99.8
11.24,12.0,0.67,8.01,438.05,99.8
11.25,12.0,0.67,8.01,438.11,99.8
11.26,12.0,0.67,8.01,438.18,99.8
11.27,12.0,0.67,8.01,438.24,99.8
11.28,12.0,0.67,8.01,438.30,99.8
11.29,12.0,0.67,8.01,438.37,99.8
11.30,12.0,0.67,8.01,438.43,99.8
11.31,12.0,0.67,8.01,438.50,99.8
11.32,12.0,0.67,8.01,438.56,99.8
11.33,12.0,0.67,8.01,438.62,99.8
11.34,12.0,0.67,8.01,438.69,99.8
11.34,12.0,0.67,8.01,438.75,99.8
11.35,12.0,0.67,8.01,438.82,99.8
11.36,12.0,0.67,8.01,438.88,99.8
11.37,12.0,0.67,8.01,438.94,99.8
11.37,12.0,0.67,8.01,439.01,99.8
11.38,12.0,1.33,15.97,439.14,99.8
11.39,12.0,2.03,24.38,439.33,99.8
11.39,12.0,2.16,25.94,439.54,99.8
11.40,12.0,2.34,28.11,439.76,99.8
11.41,12.0,2.62,31.44,440.02,99.8
11.42,12.0,2.87,34.44,440.29,99.8
11.42,12.0,3.09,37.14,440.59,99.8
11.43,12.0,3.35,40.19,440.91,99.8
11.44,12.0,3.59,43.04,441.25,99.8
11.45,12.0,3.80,45.60,441.62,99.8
11.46,12.0,3.99,47.91,442.00,99.8
11.46,12.0,4.17,49.99,442.40,99.8
11.48,12.0,4.32,51.86,442.82,99.8
11.48,12.0,4.46,53.54,443.25,99.8
11.50,12.0,4.59,55.06,443.69,99.8
11.50,12.0,4.70,56.42,444.14,99.8
11.52,12.0,4.80,57.65,444.60,99.8
11.53,12.0,4.90,58.75,445.07,99.8
11.54,12.0,4.98,59.75,445.55,99.8
11.55,12.0,5.05,60.64,446.03,99.8
11.56,12.0,5.12,61.45,446.52,99.8
11.56,12.0,5.18,62.17,447.02,99.8
11.58,12.0,5.24,62.82,447.52,99.8
11.58,12.0,5.28,63.41,448.03,99.8
11.59,12.0,5.33,63.94,448.54,99.8
11.60,12.0,5.37,64.41,449.06,99.8
11.61,12.0,5.40,64.84,449.58,99.8
11.62,12.0,5.44,65.23,450.10,99.8
11.62,12.0,5.46,65.57,450.62,99.8
11.63,12.0,5.49,65.88,451.15,99.8
11.64,12.0,5.51,66.17,451.68,99.8
11.65,12.0,5.53,66.42,452.21,99.8
11.65,12.0,5.55,66.65,452.74,99.8
11.66,12.0,5.57,66.85,453.28,99.8
11.67,12.0,5.59,67.03,453.81,99.8
11.67,12.0,5.60,67.20,454.35,99.8
11.68,12.0,5.61,67.35,454.89,99.8
11.69,12.0,5.62,67.48,455.43,99.8
11.70,12.0,5.63,67.60,455.97,99.8
11.71,12.0,5.64,67.64,456.51,99.8
11.71,12.0,5.63,67.56,457.05,99.8
11.72,12.0,5.61,67.35,457.59,99.8
11.73,12.0,5.58,67.01,458.13,99.8
11.74,12.0,5.54,66.49,458.66,99.8
11.75,12.0,5.50,65.98,459.19,99.8
11.76,12.0,5.46,65.49,459.71,99.8
11.77,12.0,5.42,65.05,460.23,99.8
11.78,12.0,5.39,64.65,460.75,99.8
11.79,12.0,5.36,64.29,461.26,99.8
11.80,12.0,5.33,63.97,461.78,99.8
11.81,12.0,5.31,63.68,462.28,99.8
11.82,12.0,5.29,63.42,462.79,99.8
11.83,12.0,5.26,63.11,463.30,99.8
11.84,12.0,5.22,62.69,463.80,99.8
11.84,12.0,5.18,62.13,464.30,99.8
11.85,12.0,5.12,61.41,464.79,99.8
11.86,12.0,5.04,60.54,465.27,99.8
11.87,12.0,4.96,59.57,465.75,99.8
11.88,12.0,4.88,58.56,466.22,99.8
11.88,12.0,4.80,57.54,466.68,99.8
11.89,12.0,4.71,56.55,467.13,99.8
11.90,12.0,4.63,55.59,467.57,99.8
11.91,12.0,4.62,55.48,468.02,99.8
11.91,12.0,4.70,56.36,468.47,99.8
11.92,12.0,4.77,57.20,468.93,99.8
11.93,12.0,4.83,57.95,469.39,99.8
11.93,12.0,4.89,58.66,469.86,99.8
11.94,12.0,4.95,59.37,470.33,99.8
11.95,12.0,5.01,60.09,470.81,99.8
11.96,12.0,5.06,60.77,471.30,99.8
11.96,12.0,5.12,61.41,471.79,99.8
11.97,12.0,5.17,62.07,472.29,99.8
11.98,12.0,5.22,62.69,472.79,99.8
11.99,12.0,5.27,63.29,473.30,99.8
12.00,12.0,5.32,63.83,473.81,99.8
12.01,12.0,5.36,64.32,474.32,99.8
12.02,12.0,5.40,64.76,474.84,99.8
12.03,12.0,5.43,65.15,475.36,99.8
12.04,12.0,5.46,65.51,475.88,99.8
12.05,12.0,5.49,65.82,476.41,99.8
12.06,12.0,5.51,66.11,476.94,99.8
12.07,12.0,5.53,66.37,477.47,99.8
12.08,12.0,5.55,66.60,478.00,99.8
12.09,12.0,5.52,66.27,478.53,99.8
12.10,12.0,5.42,65.02,479.05,99.8
12.11,12.0,5.24,62.92,479.56,99.8
12.11,12.0,5.03,60.30,480.04,99.8
12.12,12.0,0.67,8.01,480.10,99.8
12.13,12.0,0.67,8.01,480.17,99.8
12.14,12.0,0.67,8.01,480.23,99.8
12.15,12.0,0.67,8.01,480.30,99.8
12.15,12.0,0.67,8.01,480.36,99.8
12.16,12.0,0.67,8.01,480.42,99.8
12.17,12.0,0.67,8.01,480.49,99.8
12.17,12.0,0.67,8.01,480.55,99.8
12.18,12.0,0.67,8.01,480.62,99.8
12.19,12.0,0.67,8.01,480.68,99.8
12.20,12.0,0.67,8.01,480.75,99.8
12.20,12.0,0.67,8.01,480.81,99.8
12.21,12.0,0.67,8.01,480.87,99.8
12.22,12.0,0.67,8.01,480.94,99.8
12.23,12.0,0.67,8.01,481.00,99.8
12.24,12.0,0.67,8.01,481.07,99.8
12.25,12.0,0.67,8.01,481.13,99.8
12.26,12.0,0.67,8.01,481.19,99.8
12.27,12.0,0.67,8.01,481.26,99.8
12.28,12.0,0.67,8.01,481.32,99.8
12.29,12.0,0.67,8.01,481.39,99.8
12.30,12.0,0.67,8.01,481.45,99.8
12.31,12.0,0.67,8.01,481.51,99.8
12.32,12.0,1.35,16.19,481.64,99.8
12.33,12.0,1.43,17.18,481.78,99.8
12.34,12.0,1.54,18.44,481.93,99.8
12.35,12.0,1.66,19.97,482.09,99.8
12.35,12.0,2.45,29.46,482.32,99.8
12.36,12.0,2.64,31.71,482.58,99.8
12.37,12.0,2.84,34.07,482.85,99.8
12.38,12.0,3.02,36.19,483.14,99.8
12.39,12.0,3.20,38.46,483.45,99.8
12.40,12.0,3.41,40.86,483.77,99.8
12.40,12.0,3.61,43.28,484.12,99.8
12.41,12.0,3.79,45.46,484.48,99.8
12.42,12.0,3.95,47.42,484.86,99.8
12.42,12.0,4.10,49.19,485.26,99.8
12.43,12.0,4.23,50.81,485.66,99.8
12.44,12.0,4.36,52.27,486.08,99.8
12.44,12.0,4.47,53.59,486.51,99.8
12.45,12.0,4.56,54.77,486.95,99.8
12.46,12.0,4.65,55.84,487.40,99.8
12.47,12.0,4.73,56.79,487.85,99.8
12.48,12.0,4.80,57.66,488.31,99.8
12.49,12.0,4.87,58.43,488.78,99.8
12.49,12.0,4.93,59.13,489.25,99.8
12.50,12.0,4.98,59.76,489.73,99.8
12.51,12.0,5.03,60.33,490.21,99.8
12.52,12.0,5.07,60.84,490.70,99.8
12.53,12.0,5.11,61.30,491.19,99.8
12.54,12.0,5.14,61.71,491.68,99.8
12.55,12.0,5.17,62.08,492.18,99.8
12.56,12.0,5.20,62.42,492.68,99.8
12.57,12.0,5.23,62.72,493.18,99.8
12.58,12.0,5.25,62.99,493.68,99.8
12.59,12.0,5.27,63.23,494.19,99.8
12.60,12.0,5.29,63.45,494.70,99.8
12.61,12.0,5.30,63.65,495.21,99.8
12.62,12.0,5.32,63.83,495.72,99.8
12.63,12.0,5.34,64.02,496.23,99.8
12.63,12.0,5.35,64.23,496.74,99.8
12.64,12.0,5.37,64.43,497.26,99.8
12.65,12.0,5.38,64.60,497.78,99.8
12.66,12.0,5.40,64.75,498.29,99.8
12.66,12.0,5.41,64.89,498.81,99.8
12.67,12.0,5.42,65.02,499.33,99.8
12.68,12.0,5.43,65.13,499.85,99.8
12.68,12.0,5.44,65.27,500.38,99.8
12.69,12.0,5.45,65.40,500.90,99.8
12.70,12.0,5.46,65.54,501.42,99.8
12.71,12.0,5.47,65.68,501.95,99.8
12.71,12.0,5.49,65.91,502.48,99.8
12.72,12.0,5.51,66.11,503.01,99.8
12.73,12.0,5.53,66.33,503.54,99.8
12.74,12.0,5.54,66.53,504.07,99.8
12.75,12.0,5.56,66.71,504.60,99.8
12.76,12.0,5.57,66.87,505.14,99.8
12.77,12.0,5.58,67.02,505.67,99.8
12.78,12.0,5.60,67.19,506.21,99.8
12.79,12.0,5.61,67.34,506.75,99.8
12.80,12.0,5.62,67.47,507.29,99.8
12.81,12.0,5.63,67.59,507.83,99.8
12.82,12.0,5.64,67.70,508.37,99.8
12.83,12.0,5.65,67.80,508.91,99.8
12.84,12.0,5.66,67.89,509.46,99.8
12.85,12.0,5.66,67.97,510.00,99.8
12.86,12.0,5.67,68.04,510.55,99.8
12.87,12.0,5.68,68.11,511.09,99.8
12.88,12.0,5.68,68.17,511.64,99.8
12.88,12.0,5.68,68.22,512.18,99.8
12.89,12.0,5.69,68.27,512.73,99.8
12.90,12.0,5.69,68.31,513.27,99.8
12.91,12.0,5.49,65.92,513.80,99.8
12.92,12.0,0.67,8.01,513.87,99.8
12.92,12.0,0.67,8.01,513.93,99.8
12.93,12.0,0.67,8.01,513.99,99.8
12.94,12.0,0.67,8.01,514.06,99.8
12.94,12.0,0.67,8.01,514.12,99.8
12.95,12.0,0.67,8.01,514.19,99.8
12.96,12.0,0.67,8.01,514.25,99.8
12.97,12.0,0.67,8.01,514.31,99.8
12.97,12.0,0.67,8.01,514.38,99.8
12.98,12.0,0.67,8.01,514.44,99.8
12.99,12.0,0.67,8.01,514.51,99.8
13.00,12.0,0.67,8.01,514.57,99.8
13.01,12.0,0.67,8.01,514.63,99.8
13.01,12.0,0.67,8.01,514.70,99.8
13.02,12.0,0.67,8.01,514.76,99.8
13.03,12.0,0.67,8.01,514.83,99.8
13.04,12.0,0.67,8.01,514.89,99.8
13.05,12.0,0.67,8.01,514.95,99.8
13.06,12.0,0.67,8.01,515.02,99.8
13.07,12.0,0.67,8.01,515.08,99.8
13.08,12.0,0.67,8.01,515.15,99.8
13.09,12.0,0.67,8.01,515.21,99.8
13.10,12.0,0.67,8.01,515.28,99.8
13.11,12.0,0.67,8.01,515.34,99.8
13.12,12.0,0.67,8.01,515.40,99.8
13.13,12.0,0.67,8.01,515.47,99.8
13.14,12.0,0.67,8.01,515.53,99.8
13.15,12.0,0.67,8.01,515.60,99.8
13.16,12.0,0.67,8.01,515.66,99.8
13.17,12.0,0.67,8.01,515.72,99.8
13.17,12.0,0.67,8.01,515.79,99.8
13.18,12.0,0.67,8.01,515.85,99.8
13.19,12.0,0.67,8.01,515.92,99.8
13.19,12.0,0.67,8.01,515.98,99.8
13.20,12.0,0.67,8.01,516.04,99.8
13.21,12.0,0.67,8.01,516.11,99.8
13.21,12.0,0.67,8.01,516.17,99.8
13.22,12.0,0.67,8.01,516.24,99.8
13.23,12.0,0.67,8.01,516.30,99.8
13.24,12.0,0.67,8.01,516.36,99.8
13.24,12.0,0.67,8.01,516.43,99.8
13.25,12.0,0.67,8.01,516.49,99.8
13.26,12.0,0.67,8.01,516.56,99.8
13.27,12.0,0.67,8.01,516.62,99.8
13.28,12.0,0.67,8.01,516.68,99.8
13.29,12.0,0.67,8.01,516.75,99.8
13.30,12.0,0.67,8.01,516.81,99.8
13.30,12.0,0.67,8.01,516.88,99.8
13.31,12.0,1.36,16.30,517.01,99.8
13.32,12.0,2.15,25.80,517.21,99.8
13.33,12.0,2.38,28.60,517.44,99.8
13.34,12.0,2.68,32.21,517.70,99.8
13.36,12.0,2.96,35.49,517.98,99.8
13.37,12.0,3.20,38.45,518.29,99.8
13.38,12.0,3.43,41.11,518.62,99.8
13.38,12.0,3.63,43.51,518.97,99.8
13.39,12.0,3.81,45.66,519.33,99.8
13.40,12.0,3.96,47.57,519.71,99.8
13.41,12.0,4.11,49.28,520.11,99.8
13.42,12.0,4.24,50.82,520.52,99.8
13.43,12.0,4.34,52.14,520.93,99.8
13.44,12.0,4.34,52.05,521.35,99.8
13.44,12.0,0.67,8.01,521.41,99.8
13.45,12.0,0.67,8.01,521.48,99.8
13.46,12.0,0.67,8.01,521.54,99.8
13.47,12.0,0.67,8.01,521.61,99.8
13.47,12.0,0.67,8.01,521.67,99.8
13.48,12.0,0.67,8.01,521.73,99.8
13.49,12.0,0.67,8.01,521.80,99.8
13.49,12.0,0.67,8.01,521.86,99.8
13.50,12.0,0.67,8.01,521.93,99.8
13.51,12.0,0.67,8.01,521.99,99.8
13.51,12.0,0.67,8.01,522.05,99.8
13.52,12.0,0.67,8.01,522.12,99.8
13.53,12.0,0.67,8.01,522.18,99.8
13.54,12.0,0.67,8.01,522.25,99.8
13.54,12.0,0.67,8.01,522.31,99.8
13.55,12.0,0.67,8.01,522.37,99.8
13.56,12.0,0.67,8.01,522.44,99.8
13.57,12.0,0.67,8.01,522.50,99.8
13.58,12.0,0.67,8.01,522.57,99.8
13.59,12.0,0.67,8.01,522.63,99.8
13.60,12.0,0.67,8.01,522.69,99.8
13.61,12.0,0.67,8.01,522.76,99.8
13.62,12.0,0.67,8.01,522.82,99.8
13.63,12.0,0.67,8.01,522.89,99.8
13.64,12.0,0.67,8.01,522.95,99.8
13.65,12.0,0.67,8.01,523.02,99.8
13.66,12.0,0.67,8.01,523.08,99.8
13.67,12.0,2.06,24.71,523.28,99.8
13.68,12.0,2.32,27.80,523.50,99.8
13.69,12.0,2.66,31.89,523.75,99.8
13.70,12.0,2.96,35.57,524.04,99.8
13.71,12.0,3.24,38.88,524.35,99.8
13.72,12.0,3.49,41.86,524.69,99.8
13.72,12.0,3.71,44.55,525.04,99.8
13.73,12.0,3.91,46.96,525.42,99.8
13.74,12.0,4.09,49.10,525.81,99.8
13.75,12.0,4.25,50.98,526.22,99.8
13.75,12.0,4.39,52.68,526.64,99.8
13.76,12.0,4.52,54.21,527.07,99.8
13.77,12.0,4.63,55.55,527.52,99.8
13.77,12.0,4.73,56.76,527.97,99.8
13.78,12.0,4.66,55.88,528.42,99.8
13.79,12.0,0.67,8.01,528.48,99.8
13.79,12.0,0.67,8.01,528.55,99.8
13.80,12.0,0.67,8.01,528.61,99.8
13.81,12.0,0.67,8.01,528.67,99.8
13.82,12.0,0.67,8.01,528.74,99.8
13.82,12.0,0.67,8.01,528.80,99.8
13.83,12.0,0.67,8.01,528.87,99.8
13.84,12.0,0.67,8.01,528.93,99.8
13.85,12.0,0.67,8.01,529.00,99.8
13.86,12.0,0.67,8.01,529.06,99.8
13.87,12.0,0.67,8.01,529.12,99.8
13.88,12.0,0.67,8.01,529.19,99.8
13.89,12.0,0.67,8.01,529.25,99.8
13.90,12.0,0.67,8.01,529.32,99.8
13.91,12.0,0.67,8.01,529.38,99.8
13.92,12.0,0.67,8.01,529.44,99.8
13.93,12.0,0.67,8.01,529.51,99.8
13.94,12.0,0.67,8.01,529.57,99.8
13.95,12.0,0.67,8.01,529.64,99.8
13.96,12.0,0.67,8.01,529.70,99.8
13.97,12.0,0.67,8.01,529.76,99.8
13.98,12.0,0.67,8.01,529.83,99.8
13.99,12.0,0.67,8.01,529.89,99.8
14.00,12.0,0.67,8.01,529.96,99.8
14.00,12.0,0.67,8.01,530.02,99.8
14.01,12.0,0.67,8.01,530.08,99.8
14.02,12.0,0.67,8.01,530.15,99.8
14.03,12.0,1.95,23.41,530.34,99.8
14.04,12.0,2.13,25.61,530.54,99.8
14.04,12.0,2.42,29.05,530.77,99.8
14.05,12.0,2.68,32.14,531.03,99.8
14.06,12.0,2.98,35.80,531.32,99.8
14.06,12.0,3.26,39.09,531.63,99.8
14.07,12.0,3.50,42.05,531.97,99.8
14.08,12.0,3.73,44.71,532.32,99.8
14.08,12.0,3.93,47.11,532.70,99.8
14.09,12.0,4.11,49.27,533.09,99.8
14.10,12.0,4.27,51.21,533.50,99.8
14.11,12.0,4.41,52.92,533.93,99.8
14.11,12.0,4.54,54.43,534.36,99.8
14.12,12.0,4.65,55.78,534.81,99.8
14.13,12.0,4.75,56.96,535.26,99.8
14.14,12.0,4.83,57.99,535.73,99.8
14.15,12.0,4.64,55.68,536.17,99.8
14.16,12.0,0.67,8.01,536.24,99.8
14.17,12.0,0.67,8.01,536.30,99.8
14.18,12.0,0.67,8.01,536.37,99.8
14.19,12.0,0.67,8.01,536.43,99.8
14.20,12.0,0.67,8.01,536.49,99.8
14.21,12.0,0.67,8.01,536.56,99.8
14.22,12.0,0.67,8.01,536.62,99.8
14.23,12.0,0.67,8.01,536.69,99.8
14.24,12.0,0.67,8.01,536.75,99.8
14.25,12.0,0.67,8.01,536.82,99.8
14.26,12.0,0.67,8.01,536.88,99.8
14.27,12.0,0.67,8.01,536.94,99.8
14.28,12.0,0.67,8.01,537.01,99.8
14.28,12.0,0.67,8.01,537.07,99.8
14.29,12.0,0.67,8.01,537.14,99.8
14.30,12.0,0.67,8.01,537.20,99.8
14.31,12.0,0.67,8.01,537.26,99.8
14.32,12.0,0.67,8.01,537.33,99.8
14.32,12.0,0.67,8.01,537.39,99.8
14.33,12.0,0.67,8.01,537.46,99.8
14.34,12.0,0.67,8.01,537.52,99.8
14.34,12.0,0.67,8.01,537.58,99.8
14.35,12.0,0.67,8.01,537.65,99.8
14.36,12.0,0.67,8.01,537.71,99.8
14.36,12.0,0.67,8.01,537.78,99.8
14.37,12.0,0.67,8.01,537.84,99.8
14.38,12.0,2.01,24.17,538.03,99.8
14.39,12.0,2.11,25.28,538.24,99.8
14.39,12.0,2.26,27.12,538.45,99.8
14.40,12.0,2.48,29.72,538.69,99.8
14.41,12.0,2.67,32.05,538.95,99.8
14.42,12.0,2.86,34.27,539.22,99.8
14.43,12.0,3.02,36.29,539.51,99.8
14.44,12.0,3.17,38.08,539.82,99.8
14.45,12.0,3.31,39.73,540.13,99.7
14.46,12.0,3.43,41.21,540.46,99.7
14.47,12.0,3.58,43.01,540.81,99.7
14.48,12.0,3.74,44.85,541.17,99.7
14.49,12.0,3.89,46.66,541.54,99.7
14.50,12.0,4.02,48.24,541.93,99.7
14.51,12.0,4.14,49.63,542.32,99.7
14.52,12.0,4.24,50.85,542.73,99.7
14.53,12.0,4.27,51.18,543.14,99.7
14.54,12.0,4.29,51.48,543.55,99.7
14.55,12.0,4.10,49.17,543.94,99.7
14.56,12.0,0.67,8.01,544.01,99.7
14.56,12.0,0.67,8.01,544.07,99.7
14.57,12.0,0.67,8.01,544.14,99.7
14.58,12.0,0.67,8.01,544.20,99.7
14.59,12.0,0.67,8.01,544.26,99.7
14.60,12.0,0.67,8.01,544.33,99.7
14.60,12.0,0.67,8.01,544.39,99.7
14.61,12.0,0.67,8.01,544.46,99.7
14.62,12.0,0.67,8.01,544.52,99.7
14.62,12.0,0.67,8.01,544.59,99.7
14.63,12.0,0.67,8.01,544.65,99.7
14.64,12.0,0.67,8.01,544.71,99.7
14.64,12.0,0.67,8.01,544.78,99.7
14.65,12.0,0.67,8.01,544.84,99.7
14.66,12.0,0.67,8.01,544.91,99.7
14.67,12.0,0.67,8.01,544.97,99.7
14.67,12.0,0.67,8.01,545.03,99.7
14.68,12.0,0.67,8.01,545.10,99.7
14.69,12.0,0.67,8.01,545.16,99.7
14.70,12.0,0.67,8.01,545.23,99.7
14.71,12.0,0.67,8.01,545.29,99.7
14.72,12.0,0.67,8.01,545.35,99.7
14.72,12.0,0.67,8.01,545.42,99.7
14.74,12.0,0.67,8.01,545.48,99.7
14.74,12.0,0.67,8.01,545.55,99.7
14.75,12.0,0.67,8.01,545.61,99.7
14.76,12.0,1.95,23.37,545.80,99.7
14.78,12.0,2.24,26.85,546.01,99.7
14.79,12.0,2.58,31.00,546.26,99.7
14.80,12.0,2.90,34.77,546.54,99.7
14.80,12.0,3.18,38.16,546.84,99.7
14.81,12.0,3.43,41.21,547.17,99.7
14.82,12.0,3.66,43.96,547.53,99.7
14.83,12.0,3.87,46.43,547.90,99.7
14.84,12.0,4.06,48.66,548.29,99.7
14.85,12.0,4.22,50.66,548.69,99.7
14.86,12.0,0.67,8.01,548.76,99.7
14.87,12.0,0.67,8.01,548.82,99.7
14.87,12.0,0.67,8.01,548.88,99.7
14.88,12.0,0.67,8.01,548.95,99.7
14.89,12.0,0.67,8.01,549.01,99.7
14.90,12.0,0.67,8.01,549.08,99.7
14.90,12.0,0.67,8.01,549.14,99.7
14.91,12.0,0.67,8.01,549.20,99.7
14.91,12.0,0.67,8.01,549.27,99.7
14.92,12.0,0.67,8.01,549.33,99.7
14.93,12.0,0.67,8.01,549.40,99.7
14.94,12.0,0.67,8.01,549.46,99.7
14.95,12.0,0.67,8.01,549.52,99.7
14.95,12.0,0.67,8.01,549.59,99.7
14.96,12.0,0.67,8.01,549.65,99.7
14.97,12.0,0.67,8.01,549.72,99.7
14.98,12.0,0.67,8.01,549.78,99.7
14.99,12.0,0.67,8.01,549.84,99.7
15.00,12.0,0.67,8.01,549.91,99.7
15.01,12.0,0.67,8.01,549.97,99.7
15.02,12.0,0.67,8.01,550.04,99.7
15.03,12.0,0.67,8.01,550.10,99.7
15.04,12.0,0.67,8.01,550.16,99.7
15.05,12.0,0.67,8.01,550.23,99.7
15.06,12.0,0.67,8.01,550.29,99.7
15.07,12.0,0.67,8.01,550.36,99.7
15.08,12.0,0.67,8.01,550.42,99.7
15.09,12.0,0.67,8.01,550.49,99.7
15.10,12.0,0.67,8.01,550.55,99.7
15.11,12.0,0.67,8.01,550.61,99.7
15.11,12.0,0.67,8.01,550.68,99.7
15.12,12.0,0.67,8.01,550.74,99.7
15.13,12.0,0.67,8.01,550.81,99.7
15.14,12.0,0.67,8.01,550.87,99.7
15.15,12.0,0.67,8.01,550.93,99.7
15.15,12.0,0.67,8.01,551.00,99.7
15.16,12.0,0.67,8.01,551.06,99.7
15.17,12.0,0.67,8.01,551.13,99.7
15.17,12.0,0.67,8.01,551.19,99.7
15.18,12.0,0.67,8.01,551.25,99.7
15.19,12.0,0.67,8.01,551.32,99.7
15.19,12.0,0.67,8.01,551.38,99.7
15.20,12.0,0.67,8.01,551.45,99.7
15.21,12.0,0.67,8.01,551.51,99.7
15.22,12.0,0.67,8.01,551.57,99.7
15.23,12.0,0.67,8.01,551.64,99.7
15.23,12.0,0.67,8.01,551.70,99.7
15.24,12.0,0.67,8.01,551.77,99.7
15.25,12.0,0.67,8.01,551.83,99.7
15.26,12.0,0.67,8.01,551.90,99.7
15.27,12.0,0.67,8.01,551.96,99.7
15.28,12.0,2.01,24.17,552.15,99.7
15.29,12.0,2.23,26.74,552.37,99.7
15.30,12.0,2.49,29.84,552.61,99.7
15.31,12.0,2.77,33.22,552.87,99.7
15.32,12.0,3.06,36.73,553.16,99.7
15.33,12.0,3.33,39.93,553.48,99.7
15.34,12.0,3.57,42.80,553.83,99.7
15.35,12.0,3.78,45.39,554.19,99.7
15.36,12.0,3.98,47.72,554.57,99.7
15.37,12.0,4.15,49.82,554.97,99.7
15.37,12.0,4.31,51.71,555.38,99.7
15.38,12.0,4.45,53.40,555.81,99.7
15.39,12.0,4.58,54.93,556.25,99.7
15.40,12.0,4.69,56.31,556.70,99.7
15.41,12.0,4.80,57.55,557.16,99.7
15.41,12.0,4.89,58.66,557.63,99.7
15.42,12.0,4.97,59.66,558.11,99.7
15.43,12.0,5.05,60.57,558.59,99.7
15.43,12.0,5.11,61.38,559.08,99.7
15.44,12.0,5.18,62.11,559.58,99.7
15.45,12.0,5.23,62.77,560.08,99.7
15.45,12.0,5.28,63.36,560.59,99.7
15.46,12.0,5.29,63.42,561.10,99.7
15.47,12.0,5.15,61.84,561.59,99.7
15.48,12.0,0.67,8.01,561.66,99.7
15.49,12.0,0.67,8.01,561.72,99.7
15.49,12.0,0.67,8.01,561.78,99.7
15.50,12.0,0.67,8.01,561.85,99.7
15.51,12.0,0.67,8.01,561.91,99.7
15.52,12.0,0.67,8.01,561.98,99.7
15.53,12.0,0.67,8.01,562.04,99.7
15.54,12.0,0.67,8.01,562.10,99.7
15.55,12.0,0.67,8.01,562.17,99.7
15.56,12.0,0.67,8.01,562.23,99.7
15.57,12.0,0.67,8.01,562.30,99.7
15.58,12.0,0.67,8.01,562.36,99.7
15.59,12.0,0.67,8.01,562.42,99.7
15.60,12.0,0.67,8.01,562.49,99.7
15.61,12.0,0.67,8.01,562.55,99.7
15.62,12.0,0.67,8.01,562.62,99.7
15.63,12.0,0.67,8.01,562.68,99.7
15.64,12.0,0.67,8.01,562.74,99.7
15.65,12.0,0.67,8.01,562.81,99.7
15.66,12.0,0.67,8.01,562.87,99.7
15.66,12.0,0.67,8.01,562.94,99.7
15.67,12.0,0.67,8.01,563.00,99.7
15.68,12.0,0.67,8.01,563.07,99.7
15.69,12.0,0.67,8.01,563.13,99.7
15.69,12.0,0.67,8.01,563.19,99.7
15.70,12.0,0.67,8.01,563.26,99.7
15.71,12.0,0.67,8.01,563.32,99.7
15.71,12.0,0.67,8.01,563.39,99.7
15.72,12.0,0.67,8.01,563.45,99.7
15.73,12.0,0.67,8.01,563.51,99.7
15.74,12.0,0.67,8.01,563.58,99.7
15.74,12.0,0.67,8.01,563.64,99.7
15.75,12.0,0.67,8.01,563.71,99.7
15.76,12.0,0.67,8.01,563.77,99.7
15.77,12.0,0.67,8.01,563.83,99.7
15.77,12.0,0.67,8.01,563.90,99.7
15.78,12.0,0.67,8.01,563.96,99.7
15.79,12.0,0.67,8.01,564.03,99.7
15.80,12.0,0.67,8.01,564.09,99.7
15.81,12.0,2.08,24.99,564.29,99.7
15.82,12.0,2.44,29.29,564.52,99.7
15.83,12.0,2.77,33.23,564.79,99.7
15.84,12.0,3.06,36.77,565.08,99.7
15.85,12.0,3.33,39.97,565.40,99.7
15.86,12.0,3.57,42.84,565.75,99.7
15.87,12.0,3.79,45.42,566.11,99.7
15.88,12.0,3.98,47.75,566.49,99.7
15.89,12.0,4.15,49.84,566.89,99.7
15.90,12.0,4.31,51.73,567.31,99.7
15.91,12.0,4.45,53.43,567.73,99.7
15.92,12.0,4.46,53.50,568.16,99.7
15.93,12.0,0.67,8.01,568.22,99.7
15.94,12.0,0.67,8.01,568.29,99.7
15.94,12.0,0.67,8.01,568.35,99.7
15.95,12.0,0.67,8.01,568.42,99.7
15.96,12.0,0.67,8.01,568.48,99.7
15.97,12.0,0.67,8.01,568.55,99.7
15.97,12.0,0.67,8.01,568.61,99.7
15.98,12.0,0.67,8.01,568.67,99.7
15.99,12.0,0.67,8.01,568.74,99.7
15.99,12.0,0.67,8.01,568.80,99.7
16.00,12.0,0.67,8.01,568.87,99.7
16.01,12.0,0.67,8.01,568.93,99.7
16.02,12.0,0.67,8.01,568.99,99.7
16.02,12.0,0.67,8.01,569.06,99.7
16.03,12.0,0.67,8.01,569.12,99.7
16.04,12.0,0.67,8.01,569.19,99.7
16.05,12.0,0.67,8.01,569.25,99.7
16.06,12.0,0.67,8.01,569.31,99.7
16.07,12.0,0.67,8.01,569.38,99.7
16.08,12.0,0.67,8.01,569.44,99.7
16.09,12.0,0.67,8.01,569.51,99.7
16.09,12.0,0.67,8.01,569.57,99.7
16.10,12.0,0.67,8.01,569.63,99.7
16.12,12.0,0.67,8.01,569.70,99.7
16.13,12.0,0.67,8.01,569.76,99.7
16.14,12.0,0.67,8.01,569.83,99.7
16.15,12.0,0.67,8.01,569.89,99.7
16.16,12.0,0.67,8.01,569.95,99.7
16.17,12.0,0.67,8.01,570.02,99.7
16.18,12.0,0.67,8.01,570.08,99.7
16.19,12.0,0.67,8.01,570.15,99.7
16.19,12.0,0.67,8.01,570.21,99.7
16.20,12.0,0.67,8.01,570.28,99.7
16.21,12.0,0.67,8.01,570.34,99.7
16.22,12.0,0.67,8.01,570.40,99.7
16.23,12.0,0.67,8.01,570.47,99.7
16.23,12.0,0.67,8.01,570.53,99.7
16.24,12.0,0.67,8.01,570.60,99.7
16.25,12.0,0.67,8.01,570.66,99.7
16.26,12.0,0.67,8.01,570.72,99.7
16.26,12.0,0.67,8.01,570.79,99.7
16.27,12.0,0.67,8.01,570.85,99.7
16.27,12.0,0.67,8.01,570.92,99.7
16.28,12.0,0.67,8.01,570.98,99.7
16.29,12.0,0.67,8.01,571.04,99.7
16.30,12.0,0.67,8.01,571.11,99.7
16.30,12.0,0.67,8.01,571.17,99.7
16.31,12.0,0.67,8.01,571.24,99.7
16.32,12.0,0.67,8.01,571.30,99.7
16.33,12.0,0.67,8.01,571.36,99.7
16.34,12.0,0.67,8.01,571.43,99.7
16.35,12.0,0.67,8.01,571.49,99.7
16.36,12.0,0.67,8.01,571.56,99.7
16.37,12.0,0.67,8.01,571.62,99.7
16.38,12.0,0.67,8.01,571.69,99.7
16.39,12.0,0.67,8.01,571.75,99.7
16.40,12.0,0.67,8.01,571.81,99.7
16.41,12.0,0.67,8.01,571.88,99.7
16.42,12.0,0.67,8.01,571.94,99.7
16.43,12.0,0.67,8.01,572.01,99.7
16.44,12.0,0.67,8.01,572.07,99.7
16.45,12.0,0.67,8.01,572.13,99.7
16.46,12.0,0.67,8.01,572.20,99.7
16.47,12.0,0.67,8.01,572.26,99.7
16.48,12.0,0.67,8.01,572.33,99.7
16.48,12.0,0.67,8.01,572.39,99.7
16.49,12.0,0.67,8.01,572.45,99.7
16.50,12.0,0.67,8.01,572.52,99.7
16.51,12.0,0.67,8.01,572.58,99.7
16.51,12.0,0.67,8.01,572.65,99.7
16.52,12.0,0.67,8.01,572.71,99.7
16.52,12.0,0.67,8.01,572.77,99.7
16.53,12.0,0.67,8.01,572.84,99.7
16.54,12.0,0.67,8.01,572.90,99.7
16.55,12.0,0.67,8.01,572.97,99.7
16.55,12.0,0.67,8.01,573.03,99.7
16.56,12.0,0.67,8.01,573.09,99.7
16.57,12.0,0.67,8.01,573.16,99.7
16.58,12.0,0.67,8.01,573.22,99.7
16.59,12.0,0.67,8.01,573.29,99.7
16.59,12.0,0.67,8.01,573.35,99.7
16.60,12.0,0.67,8.01,573.42,99.7
16.61,12.0,0.67,8.01,573.48,99.7
16.62,12.0,0.67,8.01,573.54,99.7
16.63,12.0,0.67,8.01,573.61,99.7
16.64,12.0,0.67,8.01,573.67,99.7
16.65,12.0,0.67,8.01,573.74,99.7
16.66,12.0,0.67,8.01,573.80,99.7
16.67,12.0,0.67,8.01,573.86,99.7
16.68,12.0,0.67,8.01,573.93,99.7
16.69,12.0,0.67,8.01,573.99,99.7
16.70,12.0,0.67,8.01,574.06,99.7
16.71,12.0,0.67,8.01,574.12,99.7
16.72,12.0,0.67,8.01,574.18,99.7
16.73,12.0,0.67,8.01,574.25,99.7
16.74,12.0,0.67,8.01,574.31,99.7
16.75,12.0,0.67,8.01,574.38,99.7
